<?xml version="1.0" encoding="UTF-8" standalone="yes"?>
<ETRANRESPONSE>
	<RETURNINFO>
		<ERRORCODE>0</ERRORCODE>
		<ERRORMSG>SUCCESS</ERRORMSG>
	</RETURNINFO>
	<RETURNDATAS>
		<RETURNDATA METHOD="RECV_SHOP" ERRORCODE="0">
			<SHOP>
				<OPER_CD>242</OPER_CD>
				<REST_CD>S000630</REST_CD>
				<SHOP_CD>0001</SHOP_CD>
				<SHOP_NM>편의점</SHOP_NM>
				<POS_GR_CD>01</POS_GR_CD>
				<SHOP_CLASS_CD_GB></SHOP_CLASS_CD_GB>
				<SHOP_CLASS_CD>201199</SHOP_CLASS_CD>
				<SHOP_TYPE_GB>0</SHOP_TYPE_GB>
				<POS_USE_GB>1</POS_USE_GB>
				<BASE_PRT_NO>0</BASE_PRT_NO>
				<OPEN_DAY>20201229</OPEN_DAY>
				<END_DAY>99991231</END_DAY>
				<USE_GB>1</USE_GB>
				<REQ_SEQ>202012298258</REQ_SEQ>
				<REG_DTIME>20201229101955</REG_DTIME>
				<REG_ID>S000630001</REG_ID>
				<LAST_ID>S000630001</LAST_ID>
				<LAST_DTIME>20220404145708</LAST_DTIME>
			</SHOP>
			<SHOP>
				<OPER_CD>242</OPER_CD>
				<REST_CD>S000630</REST_CD>
				<SHOP_CD>0002</SHOP_CD>
				<SHOP_NM>일주공예품</SHOP_NM>
				<POS_GR_CD>01</POS_GR_CD>
				<SHOP_CLASS_CD_GB></SHOP_CLASS_CD_GB>
				<SHOP_CLASS_CD>401311</SHOP_CLASS_CD>
				<SHOP_TYPE_GB>1</SHOP_TYPE_GB>
				<POS_USE_GB>1</POS_USE_GB>
				<BASE_PRT_NO>0</BASE_PRT_NO>
				<OPEN_DAY>20201229</OPEN_DAY>
				<END_DAY>99991231</END_DAY>
				<USE_GB>0</USE_GB>
				<REQ_SEQ>202012298259</REQ_SEQ>
				<REG_DTIME>20201229102103</REG_DTIME>
				<REG_ID>S000630001</REG_ID>
				<LAST_ID>S000630001</LAST_ID>
				<LAST_DTIME>20240402184802</LAST_DTIME>
			</SHOP>
			<SHOP>
				<OPER_CD>242</OPER_CD>
				<REST_CD>S000630</REST_CD>
				<SHOP_CD>0003</SHOP_CD>
				<SHOP_NM>블링스타</SHOP_NM>
				<POS_GR_CD>01</POS_GR_CD>
				<SHOP_CLASS_CD_GB></SHOP_CLASS_CD_GB>
				<SHOP_CLASS_CD>301219</SHOP_CLASS_CD>
				<SHOP_TYPE_GB>0</SHOP_TYPE_GB>
				<POS_USE_GB>0</POS_USE_GB>
				<BASE_PRT_NO>0</BASE_PRT_NO>
				<OPEN_DAY>20201229</OPEN_DAY>
				<END_DAY>99991231</END_DAY>
				<USE_GB>0</USE_GB>
				<REQ_SEQ>202012298260</REQ_SEQ>
				<REG_DTIME>20201229102642</REG_DTIME>
				<REG_ID>S000630001</REG_ID>
				<LAST_ID>S000630001</LAST_ID>
				<LAST_DTIME>20240402184741</LAST_DTIME>
			</SHOP>
			<SHOP>
				<OPER_CD>242</OPER_CD>
				<REST_CD>S000630</REST_CD>
				<SHOP_CD>0004</SHOP_CD>
				<SHOP_NM>불스원샷</SHOP_NM>
				<POS_GR_CD>01</POS_GR_CD>
				<SHOP_CLASS_CD_GB></SHOP_CLASS_CD_GB>
				<SHOP_CLASS_CD>301299</SHOP_CLASS_CD>
				<SHOP_TYPE_GB>0</SHOP_TYPE_GB>
				<POS_USE_GB>0</POS_USE_GB>
				<BASE_PRT_NO>0</BASE_PRT_NO>
				<OPEN_DAY>20201229</OPEN_DAY>
				<END_DAY>99991231</END_DAY>
				<USE_GB>0</USE_GB>
				<REQ_SEQ>202012298261</REQ_SEQ>
				<REG_DTIME>20201229102931</REG_DTIME>
				<REG_ID>S000630001</REG_ID>
				<LAST_ID>S000630001</LAST_ID>
				<LAST_DTIME>20240402184748</LAST_DTIME>
			</SHOP>
			<SHOP>
				<OPER_CD>242</OPER_CD>
				<REST_CD>S000630</REST_CD>
				<SHOP_CD>0005</SHOP_CD>
				<SHOP_NM>바우드코리아(외부)</SHOP_NM>
				<POS_GR_CD>14</POS_GR_CD>
				<SHOP_CLASS_CD_GB></SHOP_CLASS_CD_GB>
				<SHOP_CLASS_CD>101118</SHOP_CLASS_CD>
				<SHOP_TYPE_GB>0</SHOP_TYPE_GB>
				<POS_USE_GB>1</POS_USE_GB>
				<BASE_PRT_NO>0</BASE_PRT_NO>
				<OPEN_DAY>20201229</OPEN_DAY>
				<END_DAY>99991231</END_DAY>
				<USE_GB>0</USE_GB>
				<REQ_SEQ>202012298263</REQ_SEQ>
				<REG_DTIME>20201229102953</REG_DTIME>
				<REG_ID>S000630001</REG_ID>
				<LAST_ID>S000630001</LAST_ID>
				<LAST_DTIME>20201229105242</LAST_DTIME>
			</SHOP>
			<SHOP>
				<OPER_CD>242</OPER_CD>
				<REST_CD>S000630</REST_CD>
				<SHOP_CD>0006</SHOP_CD>
				<SHOP_NM>임시가판</SHOP_NM>
				<POS_GR_CD>01</POS_GR_CD>
				<SHOP_CLASS_CD_GB></SHOP_CLASS_CD_GB>
				<SHOP_CLASS_CD>609915</SHOP_CLASS_CD>
				<SHOP_TYPE_GB>0</SHOP_TYPE_GB>
				<POS_USE_GB>0</POS_USE_GB>
				<BASE_PRT_NO>0</BASE_PRT_NO>
				<OPEN_DAY>20201229</OPEN_DAY>
				<END_DAY>99991231</END_DAY>
				<USE_GB>0</USE_GB>
				<REQ_SEQ>202012298264</REQ_SEQ>
				<REG_DTIME>20201229103025</REG_DTIME>
				<REG_ID>S000630001</REG_ID>
				<LAST_ID>S000630001</LAST_ID>
				<LAST_DTIME>20240402184811</LAST_DTIME>
			</SHOP>
			<SHOP>
				<OPER_CD>242</OPER_CD>
				<REST_CD>S000630</REST_CD>
				<SHOP_CD>0007</SHOP_CD>
				<SHOP_NM>면세점매장</SHOP_NM>
				<POS_GR_CD>15</POS_GR_CD>
				<SHOP_CLASS_CD_GB></SHOP_CLASS_CD_GB>
				<SHOP_CLASS_CD>609999</SHOP_CLASS_CD>
				<SHOP_TYPE_GB>1</SHOP_TYPE_GB>
				<POS_USE_GB>1</POS_USE_GB>
				<BASE_PRT_NO>0</BASE_PRT_NO>
				<OPEN_DAY>20201229</OPEN_DAY>
				<END_DAY>99991231</END_DAY>
				<USE_GB>1</USE_GB>
				<REQ_SEQ>202012298265</REQ_SEQ>
				<REG_DTIME>20201229103107</REG_DTIME>
				<REG_ID>S000630001</REG_ID>
				<LAST_ID>S000630001</LAST_ID>
				<LAST_DTIME>20230207180600</LAST_DTIME>
			</SHOP>
			<SHOP>
				<OPER_CD>242</OPER_CD>
				<REST_CD>S000630</REST_CD>
				<SHOP_CD>0008</SHOP_CD>
				<SHOP_NM>500자판기</SHOP_NM>
				<POS_GR_CD>02</POS_GR_CD>
				<SHOP_CLASS_CD_GB></SHOP_CLASS_CD_GB>
				<SHOP_CLASS_CD>601211</SHOP_CLASS_CD>
				<SHOP_TYPE_GB>0</SHOP_TYPE_GB>
				<POS_USE_GB>1</POS_USE_GB>
				<BASE_PRT_NO>0</BASE_PRT_NO>
				<OPEN_DAY>20201229</OPEN_DAY>
				<END_DAY>99991231</END_DAY>
				<USE_GB>1</USE_GB>
				<REQ_SEQ>202012298267</REQ_SEQ>
				<REG_DTIME>20201229103121</REG_DTIME>
				<REG_ID>S000630001</REG_ID>
				<LAST_ID>S000630001</LAST_ID>
				<LAST_DTIME>20220404145708</LAST_DTIME>
			</SHOP>
			<SHOP>
				<OPER_CD>242</OPER_CD>
				<REST_CD>S000630</REST_CD>
				<SHOP_CD>0009</SHOP_CD>
				<SHOP_NM>편의시설자판기</SHOP_NM>
				<POS_GR_CD>15</POS_GR_CD>
				<SHOP_CLASS_CD_GB></SHOP_CLASS_CD_GB>
				<SHOP_CLASS_CD>601214</SHOP_CLASS_CD>
				<SHOP_TYPE_GB>0</SHOP_TYPE_GB>
				<POS_USE_GB>1</POS_USE_GB>
				<BASE_PRT_NO>0</BASE_PRT_NO>
				<OPEN_DAY>20201229</OPEN_DAY>
				<END_DAY>99991231</END_DAY>
				<USE_GB>0</USE_GB>
				<REQ_SEQ>202012298270</REQ_SEQ>
				<REG_DTIME>20201229103212</REG_DTIME>
				<REG_ID>S000630001</REG_ID>
				<LAST_ID>S000630001</LAST_ID>
				<LAST_DTIME>20220404151505</LAST_DTIME>
			</SHOP>
			<SHOP>
				<OPER_CD>242</OPER_CD>
				<REST_CD>S000630</REST_CD>
				<SHOP_CD>0010</SHOP_CD>
				<SHOP_NM>500자판기좌</SHOP_NM>
				<POS_GR_CD>02</POS_GR_CD>
				<SHOP_CLASS_CD_GB></SHOP_CLASS_CD_GB>
				<SHOP_CLASS_CD>601211</SHOP_CLASS_CD>
				<SHOP_TYPE_GB>0</SHOP_TYPE_GB>
				<POS_USE_GB>1</POS_USE_GB>
				<BASE_PRT_NO>0</BASE_PRT_NO>
				<OPEN_DAY>20201229</OPEN_DAY>
				<END_DAY>99991231</END_DAY>
				<USE_GB>1</USE_GB>
				<REQ_SEQ>202012298272</REQ_SEQ>
				<REG_DTIME>20201229103231</REG_DTIME>
				<REG_ID>S000630001</REG_ID>
				<LAST_ID>S000630001</LAST_ID>
				<LAST_DTIME>20220404145708</LAST_DTIME>
			</SHOP>
			<SHOP>
				<OPER_CD>242</OPER_CD>
				<REST_CD>S000630</REST_CD>
				<SHOP_CD>0011</SHOP_CD>
				<SHOP_NM>롯데칠성</SHOP_NM>
				<POS_GR_CD>02</POS_GR_CD>
				<SHOP_CLASS_CD_GB></SHOP_CLASS_CD_GB>
				<SHOP_CLASS_CD>601212</SHOP_CLASS_CD>
				<SHOP_TYPE_GB>0</SHOP_TYPE_GB>
				<POS_USE_GB>0</POS_USE_GB>
				<BASE_PRT_NO>0</BASE_PRT_NO>
				<OPEN_DAY>20201229</OPEN_DAY>
				<END_DAY>99991231</END_DAY>
				<USE_GB>0</USE_GB>
				<REQ_SEQ>202012298274</REQ_SEQ>
				<REG_DTIME>20201229103315</REG_DTIME>
				<REG_ID>S000630001</REG_ID>
				<LAST_ID>S000630001</LAST_ID>
				<LAST_DTIME>20210415143447</LAST_DTIME>
			</SHOP>
			<SHOP>
				<OPER_CD>242</OPER_CD>
				<REST_CD>S000630</REST_CD>
				<SHOP_CD>0012</SHOP_CD>
				<SHOP_NM>롯데칠성전망대</SHOP_NM>
				<POS_GR_CD>02</POS_GR_CD>
				<SHOP_CLASS_CD_GB></SHOP_CLASS_CD_GB>
				<SHOP_CLASS_CD>601212</SHOP_CLASS_CD>
				<SHOP_TYPE_GB>0</SHOP_TYPE_GB>
				<POS_USE_GB>0</POS_USE_GB>
				<BASE_PRT_NO>0</BASE_PRT_NO>
				<OPEN_DAY>20201229</OPEN_DAY>
				<END_DAY>99991231</END_DAY>
				<USE_GB>0</USE_GB>
				<REQ_SEQ>202012298279</REQ_SEQ>
				<REG_DTIME>20201229103411</REG_DTIME>
				<REG_ID>S000630001</REG_ID>
				<LAST_ID>S000630001</LAST_ID>
				<LAST_DTIME>20231126175700</LAST_DTIME>
			</SHOP>
			<SHOP>
				<OPER_CD>242</OPER_CD>
				<REST_CD>S000630</REST_CD>
				<SHOP_CD>0013</SHOP_CD>
				<SHOP_NM>롯데칠성주유소</SHOP_NM>
				<POS_GR_CD>02</POS_GR_CD>
				<SHOP_CLASS_CD_GB></SHOP_CLASS_CD_GB>
				<SHOP_CLASS_CD>601212</SHOP_CLASS_CD>
				<SHOP_TYPE_GB>0</SHOP_TYPE_GB>
				<POS_USE_GB>0</POS_USE_GB>
				<BASE_PRT_NO>0</BASE_PRT_NO>
				<OPEN_DAY>20201229</OPEN_DAY>
				<END_DAY>99991231</END_DAY>
				<USE_GB>0</USE_GB>
				<REQ_SEQ>202012298280</REQ_SEQ>
				<REG_DTIME>20201229103440</REG_DTIME>
				<REG_ID>S000630001</REG_ID>
				<LAST_ID>S000630001</LAST_ID>
				<LAST_DTIME>20210415143505</LAST_DTIME>
			</SHOP>
			<SHOP>
				<OPER_CD>242</OPER_CD>
				<REST_CD>S000630</REST_CD>
				<SHOP_CD>0014</SHOP_CD>
				<SHOP_NM>동아오츠카</SHOP_NM>
				<POS_GR_CD>02</POS_GR_CD>
				<SHOP_CLASS_CD_GB></SHOP_CLASS_CD_GB>
				<SHOP_CLASS_CD>601212</SHOP_CLASS_CD>
				<SHOP_TYPE_GB>0</SHOP_TYPE_GB>
				<POS_USE_GB>1</POS_USE_GB>
				<BASE_PRT_NO>0</BASE_PRT_NO>
				<OPEN_DAY>20201229</OPEN_DAY>
				<END_DAY>99991231</END_DAY>
				<USE_GB>0</USE_GB>
				<REQ_SEQ>202012298281</REQ_SEQ>
				<REG_DTIME>20201229103508</REG_DTIME>
				<REG_ID>S000630001</REG_ID>
				<LAST_ID>S000630001</LAST_ID>
				<LAST_DTIME>20231112134319</LAST_DTIME>
			</SHOP>
			<SHOP>
				<OPER_CD>242</OPER_CD>
				<REST_CD>S000630</REST_CD>
				<SHOP_CD>0015</SHOP_CD>
				<SHOP_NM>코카콜라PT</SHOP_NM>
				<POS_GR_CD>02</POS_GR_CD>
				<SHOP_CLASS_CD_GB></SHOP_CLASS_CD_GB>
				<SHOP_CLASS_CD>601212</SHOP_CLASS_CD>
				<SHOP_TYPE_GB>0</SHOP_TYPE_GB>
				<POS_USE_GB>0</POS_USE_GB>
				<BASE_PRT_NO>0</BASE_PRT_NO>
				<OPEN_DAY>20201229</OPEN_DAY>
				<END_DAY>99991231</END_DAY>
				<USE_GB>0</USE_GB>
				<REQ_SEQ>202012298285</REQ_SEQ>
				<REG_DTIME>20201229103540</REG_DTIME>
				<REG_ID>S000630001</REG_ID>
				<LAST_ID>S000630001</LAST_ID>
				<LAST_DTIME>20231112134325</LAST_DTIME>
			</SHOP>
			<SHOP>
				<OPER_CD>242</OPER_CD>
				<REST_CD>S000630</REST_CD>
				<SHOP_CD>0016</SHOP_CD>
				<SHOP_NM>코카콜라</SHOP_NM>
				<POS_GR_CD>02</POS_GR_CD>
				<SHOP_CLASS_CD_GB></SHOP_CLASS_CD_GB>
				<SHOP_CLASS_CD>601212</SHOP_CLASS_CD>
				<SHOP_TYPE_GB>0</SHOP_TYPE_GB>
				<POS_USE_GB>0</POS_USE_GB>
				<BASE_PRT_NO>0</BASE_PRT_NO>
				<OPEN_DAY>20201229</OPEN_DAY>
				<END_DAY>99991231</END_DAY>
				<USE_GB>0</USE_GB>
				<REQ_SEQ>202012298288</REQ_SEQ>
				<REG_DTIME>20201229103611</REG_DTIME>
				<REG_ID>S000630001</REG_ID>
				<LAST_ID>S000630001</LAST_ID>
				<LAST_DTIME>20231112134332</LAST_DTIME>
			</SHOP>
			<SHOP>
				<OPER_CD>242</OPER_CD>
				<REST_CD>S000630</REST_CD>
				<SHOP_CD>0017</SHOP_CD>
				<SHOP_NM>본관(한식)</SHOP_NM>
				<POS_GR_CD>03</POS_GR_CD>
				<SHOP_CLASS_CD_GB></SHOP_CLASS_CD_GB>
				<SHOP_CLASS_CD>101111</SHOP_CLASS_CD>
				<SHOP_TYPE_GB>0</SHOP_TYPE_GB>
				<POS_USE_GB>1</POS_USE_GB>
				<BASE_PRT_NO>0</BASE_PRT_NO>
				<OPEN_DAY>20201229</OPEN_DAY>
				<END_DAY>99991231</END_DAY>
				<USE_GB>0</USE_GB>
				<REQ_SEQ>202012298290</REQ_SEQ>
				<REG_DTIME>20201229103646</REG_DTIME>
				<REG_ID>S000630001</REG_ID>
				<LAST_ID>S000630001</LAST_ID>
				<LAST_DTIME>20230831114230</LAST_DTIME>
			</SHOP>
			<SHOP>
				<OPER_CD>242</OPER_CD>
				<REST_CD>S000630</REST_CD>
				<SHOP_CD>0018</SHOP_CD>
				<SHOP_NM>양식당</SHOP_NM>
				<POS_GR_CD>03</POS_GR_CD>
				<SHOP_CLASS_CD_GB></SHOP_CLASS_CD_GB>
				<SHOP_CLASS_CD>101114</SHOP_CLASS_CD>
				<SHOP_TYPE_GB>0</SHOP_TYPE_GB>
				<POS_USE_GB>1</POS_USE_GB>
				<BASE_PRT_NO>0</BASE_PRT_NO>
				<OPEN_DAY>20201229</OPEN_DAY>
				<END_DAY>99991231</END_DAY>
				<USE_GB>0</USE_GB>
				<REQ_SEQ>202012298295</REQ_SEQ>
				<REG_DTIME>20201229103740</REG_DTIME>
				<REG_ID>S000630001</REG_ID>
				<LAST_ID>S000630001</LAST_ID>
				<LAST_DTIME>20230831114237</LAST_DTIME>
			</SHOP>
			<SHOP>
				<OPER_CD>242</OPER_CD>
				<REST_CD>S000630</REST_CD>
				<SHOP_CD>0019</SHOP_CD>
				<SHOP_NM>한식당</SHOP_NM>
				<POS_GR_CD>04</POS_GR_CD>
				<SHOP_CLASS_CD_GB></SHOP_CLASS_CD_GB>
				<SHOP_CLASS_CD>101111</SHOP_CLASS_CD>
				<SHOP_TYPE_GB>0</SHOP_TYPE_GB>
				<POS_USE_GB>1</POS_USE_GB>
				<BASE_PRT_NO>0</BASE_PRT_NO>
				<OPEN_DAY>20201229</OPEN_DAY>
				<END_DAY>99991231</END_DAY>
				<USE_GB>0</USE_GB>
				<REQ_SEQ>202012298299</REQ_SEQ>
				<REG_DTIME>20201229103824</REG_DTIME>
				<REG_ID>S000630001</REG_ID>
				<LAST_ID>S000630001</LAST_ID>
				<LAST_DTIME>20240319175912</LAST_DTIME>
			</SHOP>
			<SHOP>
				<OPER_CD>242</OPER_CD>
				<REST_CD>S000630</REST_CD>
				<SHOP_CD>0020</SHOP_CD>
				<SHOP_NM>스낵(라면)</SHOP_NM>
				<POS_GR_CD>04</POS_GR_CD>
				<SHOP_CLASS_CD_GB></SHOP_CLASS_CD_GB>
				<SHOP_CLASS_CD>101115</SHOP_CLASS_CD>
				<SHOP_TYPE_GB>0</SHOP_TYPE_GB>
				<POS_USE_GB>1</POS_USE_GB>
				<BASE_PRT_NO>0</BASE_PRT_NO>
				<OPEN_DAY>20201229</OPEN_DAY>
				<END_DAY>99991231</END_DAY>
				<USE_GB>1</USE_GB>
				<REQ_SEQ>202012298303</REQ_SEQ>
				<REG_DTIME>20201229103901</REG_DTIME>
				<REG_ID>S000630001</REG_ID>
				<LAST_ID>S000630001</LAST_ID>
				<LAST_DTIME>20230726095819</LAST_DTIME>
			</SHOP>
			<SHOP>
				<OPER_CD>242</OPER_CD>
				<REST_CD>S000630</REST_CD>
				<SHOP_CD>0021</SHOP_CD>
				<SHOP_NM>스낵(우동)</SHOP_NM>
				<POS_GR_CD>04</POS_GR_CD>
				<SHOP_CLASS_CD_GB></SHOP_CLASS_CD_GB>
				<SHOP_CLASS_CD>101115</SHOP_CLASS_CD>
				<SHOP_TYPE_GB>0</SHOP_TYPE_GB>
				<POS_USE_GB>1</POS_USE_GB>
				<BASE_PRT_NO>0</BASE_PRT_NO>
				<OPEN_DAY>20201229</OPEN_DAY>
				<END_DAY>99991231</END_DAY>
				<USE_GB>1</USE_GB>
				<REQ_SEQ>202012298307</REQ_SEQ>
				<REG_DTIME>20201229103949</REG_DTIME>
				<REG_ID>S000630001</REG_ID>
				<LAST_ID>74sqs</LAST_ID>
				<LAST_DTIME>20220712131013</LAST_DTIME>
			</SHOP>
			<SHOP>
				<OPER_CD>242</OPER_CD>
				<REST_CD>S000630</REST_CD>
				<SHOP_CD>0022</SHOP_CD>
				<SHOP_NM>커피(엔제리너스)</SHOP_NM>
				<POS_GR_CD>04</POS_GR_CD>
				<SHOP_CLASS_CD_GB></SHOP_CLASS_CD_GB>
				<SHOP_CLASS_CD>102012</SHOP_CLASS_CD>
				<SHOP_TYPE_GB>1</SHOP_TYPE_GB>
				<POS_USE_GB>1</POS_USE_GB>
				<BASE_PRT_NO>0</BASE_PRT_NO>
				<OPEN_DAY>20201229</OPEN_DAY>
				<END_DAY>99991231</END_DAY>
				<USE_GB>1</USE_GB>
				<REQ_SEQ>202012298311</REQ_SEQ>
				<REG_DTIME>20201229104130</REG_DTIME>
				<REG_ID>S000630001</REG_ID>
				<LAST_ID>S000630001</LAST_ID>
				<LAST_DTIME>20230207180444</LAST_DTIME>
			</SHOP>
			<SHOP>
				<OPER_CD>242</OPER_CD>
				<REST_CD>S000630</REST_CD>
				<SHOP_CD>0023</SHOP_CD>
				<SHOP_NM>[미사용]명동칼국수</SHOP_NM>
				<POS_GR_CD>04</POS_GR_CD>
				<SHOP_CLASS_CD_GB></SHOP_CLASS_CD_GB>
				<SHOP_CLASS_CD>101617</SHOP_CLASS_CD>
				<SHOP_TYPE_GB>0</SHOP_TYPE_GB>
				<POS_USE_GB>1</POS_USE_GB>
				<BASE_PRT_NO>0</BASE_PRT_NO>
				<OPEN_DAY>20201229</OPEN_DAY>
				<END_DAY>99991231</END_DAY>
				<USE_GB>0</USE_GB>
				<REQ_SEQ>202012298313</REQ_SEQ>
				<REG_DTIME>20201229104209</REG_DTIME>
				<REG_ID>S000630001</REG_ID>
				<LAST_ID>S000630001</LAST_ID>
				<LAST_DTIME>20230826081920</LAST_DTIME>
			</SHOP>
			<SHOP>
				<OPER_CD>242</OPER_CD>
				<REST_CD>S000630</REST_CD>
				<SHOP_CD>0024</SHOP_CD>
				<SHOP_NM>델리만쥬</SHOP_NM>
				<POS_GR_CD>07</POS_GR_CD>
				<SHOP_CLASS_CD_GB></SHOP_CLASS_CD_GB>
				<SHOP_CLASS_CD>101118</SHOP_CLASS_CD>
				<SHOP_TYPE_GB>0</SHOP_TYPE_GB>
				<POS_USE_GB>1</POS_USE_GB>
				<BASE_PRT_NO>0</BASE_PRT_NO>
				<OPEN_DAY>20201229</OPEN_DAY>
				<END_DAY>99991231</END_DAY>
				<USE_GB>0</USE_GB>
				<REQ_SEQ>202012298314</REQ_SEQ>
				<REG_DTIME>20201229104250</REG_DTIME>
				<REG_ID>S000630001</REG_ID>
				<LAST_ID>S000630001</LAST_ID>
				<LAST_DTIME>20231115133051</LAST_DTIME>
			</SHOP>
			<SHOP>
				<OPER_CD>242</OPER_CD>
				<REST_CD>S000630</REST_CD>
				<SHOP_CD>0025</SHOP_CD>
				<SHOP_NM>호두과자</SHOP_NM>
				<POS_GR_CD>07</POS_GR_CD>
				<SHOP_CLASS_CD_GB></SHOP_CLASS_CD_GB>
				<SHOP_CLASS_CD>102211</SHOP_CLASS_CD>
				<SHOP_TYPE_GB>0</SHOP_TYPE_GB>
				<POS_USE_GB>1</POS_USE_GB>
				<BASE_PRT_NO>0</BASE_PRT_NO>
				<OPEN_DAY>20201229</OPEN_DAY>
				<END_DAY>99991231</END_DAY>
				<USE_GB>0</USE_GB>
				<REQ_SEQ>202012298316</REQ_SEQ>
				<REG_DTIME>20201229104322</REG_DTIME>
				<REG_ID>S000630001</REG_ID>
				<LAST_ID>S000630001</LAST_ID>
				<LAST_DTIME>20201229110829</LAST_DTIME>
			</SHOP>
			<SHOP>
				<OPER_CD>242</OPER_CD>
				<REST_CD>S000630</REST_CD>
				<SHOP_CD>0026</SHOP_CD>
				<SHOP_NM>피자핫도그</SHOP_NM>
				<POS_GR_CD>09</POS_GR_CD>
				<SHOP_CLASS_CD_GB></SHOP_CLASS_CD_GB>
				<SHOP_CLASS_CD>101118</SHOP_CLASS_CD>
				<SHOP_TYPE_GB>0</SHOP_TYPE_GB>
				<POS_USE_GB>1</POS_USE_GB>
				<BASE_PRT_NO>0</BASE_PRT_NO>
				<OPEN_DAY>20201229</OPEN_DAY>
				<END_DAY>99991231</END_DAY>
				<USE_GB>0</USE_GB>
				<REQ_SEQ>202012298319</REQ_SEQ>
				<REG_DTIME>20201229104416</REG_DTIME>
				<REG_ID>S000630001</REG_ID>
				<LAST_ID>S000630001</LAST_ID>
				<LAST_DTIME>20230912120106</LAST_DTIME>
			</SHOP>
			<SHOP>
				<OPER_CD>242</OPER_CD>
				<REST_CD>S000630</REST_CD>
				<SHOP_CD>0027</SHOP_CD>
				<SHOP_NM>호두과자&amp;오징어</SHOP_NM>
				<POS_GR_CD>09</POS_GR_CD>
				<SHOP_CLASS_CD_GB></SHOP_CLASS_CD_GB>
				<SHOP_CLASS_CD>102211</SHOP_CLASS_CD>
				<SHOP_TYPE_GB>0</SHOP_TYPE_GB>
				<POS_USE_GB>1</POS_USE_GB>
				<BASE_PRT_NO>0</BASE_PRT_NO>
				<OPEN_DAY>20201229</OPEN_DAY>
				<END_DAY>99991231</END_DAY>
				<USE_GB>0</USE_GB>
				<REQ_SEQ>202012298321</REQ_SEQ>
				<REG_DTIME>20201229104442</REG_DTIME>
				<REG_ID>S000630001</REG_ID>
				<LAST_ID>S000630001</LAST_ID>
				<LAST_DTIME>20230912120116</LAST_DTIME>
			</SHOP>
			<SHOP>
				<OPER_CD>242</OPER_CD>
				<REST_CD>S000630</REST_CD>
				<SHOP_CD>0028</SHOP_CD>
				<SHOP_NM>외부매장(핫바&amp;통감자)</SHOP_NM>
				<POS_GR_CD>09</POS_GR_CD>
				<SHOP_CLASS_CD_GB></SHOP_CLASS_CD_GB>
				<SHOP_CLASS_CD>102213</SHOP_CLASS_CD>
				<SHOP_TYPE_GB>1</SHOP_TYPE_GB>
				<POS_USE_GB>1</POS_USE_GB>
				<BASE_PRT_NO>0</BASE_PRT_NO>
				<OPEN_DAY>20201229</OPEN_DAY>
				<END_DAY>99991231</END_DAY>
				<USE_GB>0</USE_GB>
				<REQ_SEQ>202012298323</REQ_SEQ>
				<REG_DTIME>20201229104544</REG_DTIME>
				<REG_ID>S000630001</REG_ID>
				<LAST_ID>S000630001</LAST_ID>
				<LAST_DTIME>20230912120134</LAST_DTIME>
			</SHOP>
			<SHOP>
				<OPER_CD>242</OPER_CD>
				<REST_CD>S000630</REST_CD>
				<SHOP_CD>0029</SHOP_CD>
				<SHOP_NM>피에르가르뎅(외부)</SHOP_NM>
				<POS_GR_CD>14</POS_GR_CD>
				<SHOP_CLASS_CD_GB></SHOP_CLASS_CD_GB>
				<SHOP_CLASS_CD>101118</SHOP_CLASS_CD>
				<SHOP_TYPE_GB>0</SHOP_TYPE_GB>
				<POS_USE_GB>1</POS_USE_GB>
				<BASE_PRT_NO>0</BASE_PRT_NO>
				<OPEN_DAY>20201229</OPEN_DAY>
				<END_DAY>99991231</END_DAY>
				<USE_GB>0</USE_GB>
				<REQ_SEQ>202012298330</REQ_SEQ>
				<REG_DTIME>20201229104845</REG_DTIME>
				<REG_ID>S000630001</REG_ID>
				<LAST_ID>S000630001</LAST_ID>
				<LAST_DTIME>20201229105228</LAST_DTIME>
			</SHOP>
			<SHOP>
				<OPER_CD>242</OPER_CD>
				<REST_CD>S000630</REST_CD>
				<SHOP_CD>0030</SHOP_CD>
				<SHOP_NM>수수료매장</SHOP_NM>
				<POS_GR_CD>14</POS_GR_CD>
				<SHOP_CLASS_CD_GB></SHOP_CLASS_CD_GB>
				<SHOP_CLASS_CD>601111</SHOP_CLASS_CD>
				<SHOP_TYPE_GB>0</SHOP_TYPE_GB>
				<POS_USE_GB>1</POS_USE_GB>
				<BASE_PRT_NO>0</BASE_PRT_NO>
				<OPEN_DAY>20201229</OPEN_DAY>
				<END_DAY>99991231</END_DAY>
				<USE_GB>1</USE_GB>
				<REQ_SEQ>202012298331</REQ_SEQ>
				<REG_DTIME>20201229104935</REG_DTIME>
				<REG_ID>S000630001</REG_ID>
				<LAST_ID>74sqs</LAST_ID>
				<LAST_DTIME>20220712130639</LAST_DTIME>
			</SHOP>
			<SHOP>
				<OPER_CD>242</OPER_CD>
				<REST_CD>S000630</REST_CD>
				<SHOP_CD>0031</SHOP_CD>
				<SHOP_NM>편의시설자판기</SHOP_NM>
				<POS_GR_CD>15</POS_GR_CD>
				<SHOP_CLASS_CD_GB></SHOP_CLASS_CD_GB>
				<SHOP_CLASS_CD>601214</SHOP_CLASS_CD>
				<SHOP_TYPE_GB>0</SHOP_TYPE_GB>
				<POS_USE_GB>0</POS_USE_GB>
				<BASE_PRT_NO>0</BASE_PRT_NO>
				<OPEN_DAY>20201229</OPEN_DAY>
				<END_DAY>99991231</END_DAY>
				<USE_GB>0</USE_GB>
				<REQ_SEQ>202012298332</REQ_SEQ>
				<REG_DTIME>20201229105322</REG_DTIME>
				<REG_ID>S000630001</REG_ID>
				<LAST_ID>S000630001</LAST_ID>
				<LAST_DTIME>20201229112521</LAST_DTIME>
			</SHOP>
			<SHOP>
				<OPER_CD>242</OPER_CD>
				<REST_CD>S000630</REST_CD>
				<SHOP_CD>0032</SHOP_CD>
				<SHOP_NM>면세점매장2</SHOP_NM>
				<POS_GR_CD>15</POS_GR_CD>
				<SHOP_CLASS_CD_GB></SHOP_CLASS_CD_GB>
				<SHOP_CLASS_CD>609999</SHOP_CLASS_CD>
				<SHOP_TYPE_GB>0</SHOP_TYPE_GB>
				<POS_USE_GB>1</POS_USE_GB>
				<BASE_PRT_NO>0</BASE_PRT_NO>
				<OPEN_DAY>20201229</OPEN_DAY>
				<END_DAY>99991231</END_DAY>
				<USE_GB>0</USE_GB>
				<REQ_SEQ>202012298333</REQ_SEQ>
				<REG_DTIME>20201229105424</REG_DTIME>
				<REG_ID>S000630001</REG_ID>
				<LAST_ID>S000630001</LAST_ID>
				<LAST_DTIME>20230207180540</LAST_DTIME>
			</SHOP>
			<SHOP>
				<OPER_CD>242</OPER_CD>
				<REST_CD>S000630</REST_CD>
				<SHOP_CD>0033</SHOP_CD>
				<SHOP_NM>하이숍(테이프)</SHOP_NM>
				<POS_GR_CD>05</POS_GR_CD>
				<SHOP_CLASS_CD_GB></SHOP_CLASS_CD_GB>
				<SHOP_CLASS_CD>301220</SHOP_CLASS_CD>
				<SHOP_TYPE_GB>0</SHOP_TYPE_GB>
				<POS_USE_GB>1</POS_USE_GB>
				<BASE_PRT_NO>0</BASE_PRT_NO>
				<OPEN_DAY>20201229</OPEN_DAY>
				<END_DAY>99991231</END_DAY>
				<USE_GB>0</USE_GB>
				<REQ_SEQ>202012298334</REQ_SEQ>
				<REG_DTIME>20201229105509</REG_DTIME>
				<REG_ID>S000630001</REG_ID>
				<LAST_ID>S000630001</LAST_ID>
				<LAST_DTIME>20201229111633</LAST_DTIME>
			</SHOP>
			<SHOP>
				<OPER_CD>242</OPER_CD>
				<REST_CD>S000630</REST_CD>
				<SHOP_CD>0034</SHOP_CD>
				<SHOP_NM>하이숍(테이프)</SHOP_NM>
				<POS_GR_CD>05</POS_GR_CD>
				<SHOP_CLASS_CD_GB></SHOP_CLASS_CD_GB>
				<SHOP_CLASS_CD>301220</SHOP_CLASS_CD>
				<SHOP_TYPE_GB>1</SHOP_TYPE_GB>
				<POS_USE_GB>1</POS_USE_GB>
				<BASE_PRT_NO>0</BASE_PRT_NO>
				<OPEN_DAY>20201229</OPEN_DAY>
				<END_DAY>99991231</END_DAY>
				<USE_GB>1</USE_GB>
				<REQ_SEQ>202012298335</REQ_SEQ>
				<REG_DTIME>20201229105519</REG_DTIME>
				<REG_ID>S000630001</REG_ID>
				<LAST_ID>S000630001</LAST_ID>
				<LAST_DTIME>20220404151505</LAST_DTIME>
			</SHOP>
			<SHOP>
				<OPER_CD>242</OPER_CD>
				<REST_CD>S000630</REST_CD>
				<SHOP_CD>0035</SHOP_CD>
				<SHOP_NM>하이숍(잡화)</SHOP_NM>
				<POS_GR_CD>05</POS_GR_CD>
				<SHOP_CLASS_CD_GB></SHOP_CLASS_CD_GB>
				<SHOP_CLASS_CD>301220</SHOP_CLASS_CD>
				<SHOP_TYPE_GB>1</SHOP_TYPE_GB>
				<POS_USE_GB>1</POS_USE_GB>
				<BASE_PRT_NO>0</BASE_PRT_NO>
				<OPEN_DAY>20201229</OPEN_DAY>
				<END_DAY>99991231</END_DAY>
				<USE_GB>1</USE_GB>
				<REQ_SEQ>202012298336</REQ_SEQ>
				<REG_DTIME>20201229105553</REG_DTIME>
				<REG_ID>S000630001</REG_ID>
				<LAST_ID>S000630001</LAST_ID>
				<LAST_DTIME>20220404151505</LAST_DTIME>
			</SHOP>
			<SHOP>
				<OPER_CD>242</OPER_CD>
				<REST_CD>S000630</REST_CD>
				<SHOP_CD>0036</SHOP_CD>
				<SHOP_NM>하이숍(만물)</SHOP_NM>
				<POS_GR_CD>05</POS_GR_CD>
				<SHOP_CLASS_CD_GB></SHOP_CLASS_CD_GB>
				<SHOP_CLASS_CD>301220</SHOP_CLASS_CD>
				<SHOP_TYPE_GB>1</SHOP_TYPE_GB>
				<POS_USE_GB>1</POS_USE_GB>
				<BASE_PRT_NO>0</BASE_PRT_NO>
				<OPEN_DAY>20201229</OPEN_DAY>
				<END_DAY>99991231</END_DAY>
				<USE_GB>1</USE_GB>
				<REQ_SEQ>202012298337</REQ_SEQ>
				<REG_DTIME>20201229105628</REG_DTIME>
				<REG_ID>S000630001</REG_ID>
				<LAST_ID>S000630001</LAST_ID>
				<LAST_DTIME>20220404151505</LAST_DTIME>
			</SHOP>
			<SHOP>
				<OPER_CD>242</OPER_CD>
				<REST_CD>S000630</REST_CD>
				<SHOP_CD>0037</SHOP_CD>
				<SHOP_NM>B/W유통</SHOP_NM>
				<POS_GR_CD>06</POS_GR_CD>
				<SHOP_CLASS_CD_GB></SHOP_CLASS_CD_GB>
				<SHOP_CLASS_CD>301199</SHOP_CLASS_CD>
				<SHOP_TYPE_GB>0</SHOP_TYPE_GB>
				<POS_USE_GB>1</POS_USE_GB>
				<BASE_PRT_NO>0</BASE_PRT_NO>
				<OPEN_DAY>20201229</OPEN_DAY>
				<END_DAY>99991231</END_DAY>
				<USE_GB>0</USE_GB>
				<REQ_SEQ>202012298338</REQ_SEQ>
				<REG_DTIME>20201229105708</REG_DTIME>
				<REG_ID>S000630001</REG_ID>
				<LAST_ID>S000630001</LAST_ID>
				<LAST_DTIME>20230207124613</LAST_DTIME>
			</SHOP>
			<SHOP>
				<OPER_CD>242</OPER_CD>
				<REST_CD>S000630</REST_CD>
				<SHOP_CD>0038</SHOP_CD>
				<SHOP_NM>B/W유통</SHOP_NM>
				<POS_GR_CD>06</POS_GR_CD>
				<SHOP_CLASS_CD_GB></SHOP_CLASS_CD_GB>
				<SHOP_CLASS_CD>301199</SHOP_CLASS_CD>
				<SHOP_TYPE_GB>0</SHOP_TYPE_GB>
				<POS_USE_GB>1</POS_USE_GB>
				<BASE_PRT_NO>0</BASE_PRT_NO>
				<OPEN_DAY>20201229</OPEN_DAY>
				<END_DAY>99991231</END_DAY>
				<USE_GB>0</USE_GB>
				<REQ_SEQ>202012298339</REQ_SEQ>
				<REG_DTIME>20201229105910</REG_DTIME>
				<REG_ID>S000630001</REG_ID>
				<LAST_ID>S000630001</LAST_ID>
				<LAST_DTIME>20210505182443</LAST_DTIME>
			</SHOP>
			<SHOP>
				<OPER_CD>242</OPER_CD>
				<REST_CD>S000630</REST_CD>
				<SHOP_CD>0039</SHOP_CD>
				<SHOP_NM>B/W유통</SHOP_NM>
				<POS_GR_CD>06</POS_GR_CD>
				<SHOP_CLASS_CD_GB></SHOP_CLASS_CD_GB>
				<SHOP_CLASS_CD>301199</SHOP_CLASS_CD>
				<SHOP_TYPE_GB>0</SHOP_TYPE_GB>
				<POS_USE_GB>1</POS_USE_GB>
				<BASE_PRT_NO>0</BASE_PRT_NO>
				<OPEN_DAY>20201229</OPEN_DAY>
				<END_DAY>99991231</END_DAY>
				<USE_GB>0</USE_GB>
				<REQ_SEQ>202012298340</REQ_SEQ>
				<REG_DTIME>20201229105948</REG_DTIME>
				<REG_ID>S000630001</REG_ID>
				<LAST_ID>S000630001</LAST_ID>
				<LAST_DTIME>20210505182455</LAST_DTIME>
			</SHOP>
			<SHOP>
				<OPER_CD>242</OPER_CD>
				<REST_CD>S000630</REST_CD>
				<SHOP_CD>0040</SHOP_CD>
				<SHOP_NM>토스트럭</SHOP_NM>
				<POS_GR_CD>07</POS_GR_CD>
				<SHOP_CLASS_CD_GB></SHOP_CLASS_CD_GB>
				<SHOP_CLASS_CD>101899</SHOP_CLASS_CD>
				<SHOP_TYPE_GB>0</SHOP_TYPE_GB>
				<POS_USE_GB>1</POS_USE_GB>
				<BASE_PRT_NO>0</BASE_PRT_NO>
				<OPEN_DAY>20201229</OPEN_DAY>
				<END_DAY>99991231</END_DAY>
				<USE_GB>0</USE_GB>
				<REQ_SEQ>202012298343</REQ_SEQ>
				<REG_DTIME>20201229110152</REG_DTIME>
				<REG_ID>S000630001</REG_ID>
				<LAST_ID>S000630001</LAST_ID>
				<LAST_DTIME>20230207124707</LAST_DTIME>
			</SHOP>
			<SHOP>
				<OPER_CD>242</OPER_CD>
				<REST_CD>S000630</REST_CD>
				<SHOP_CD>0041</SHOP_CD>
				<SHOP_NM>음료&amp;옥수수</SHOP_NM>
				<POS_GR_CD>07</POS_GR_CD>
				<SHOP_CLASS_CD_GB></SHOP_CLASS_CD_GB>
				<SHOP_CLASS_CD>102299</SHOP_CLASS_CD>
				<SHOP_TYPE_GB>0</SHOP_TYPE_GB>
				<POS_USE_GB>1</POS_USE_GB>
				<BASE_PRT_NO>0</BASE_PRT_NO>
				<OPEN_DAY>20201229</OPEN_DAY>
				<END_DAY>99991231</END_DAY>
				<USE_GB>0</USE_GB>
				<REQ_SEQ>202012298344</REQ_SEQ>
				<REG_DTIME>20201229110232</REG_DTIME>
				<REG_ID>S000630001</REG_ID>
				<LAST_ID>S000630001</LAST_ID>
				<LAST_DTIME>20230207124554</LAST_DTIME>
			</SHOP>
			<SHOP>
				<OPER_CD>242</OPER_CD>
				<REST_CD>S000630</REST_CD>
				<SHOP_CD>0042</SHOP_CD>
				<SHOP_NM>핫바</SHOP_NM>
				<POS_GR_CD>07</POS_GR_CD>
				<SHOP_CLASS_CD_GB></SHOP_CLASS_CD_GB>
				<SHOP_CLASS_CD>102299</SHOP_CLASS_CD>
				<SHOP_TYPE_GB>1</SHOP_TYPE_GB>
				<POS_USE_GB>1</POS_USE_GB>
				<BASE_PRT_NO>0</BASE_PRT_NO>
				<OPEN_DAY>20201229</OPEN_DAY>
				<END_DAY>99991231</END_DAY>
				<USE_GB>0</USE_GB>
				<REQ_SEQ>202012298345</REQ_SEQ>
				<REG_DTIME>20201229110302</REG_DTIME>
				<REG_ID>S000630001</REG_ID>
				<LAST_ID>S000630001</LAST_ID>
				<LAST_DTIME>20231115133151</LAST_DTIME>
			</SHOP>
			<SHOP>
				<OPER_CD>242</OPER_CD>
				<REST_CD>S000630</REST_CD>
				<SHOP_CD>0043</SHOP_CD>
				<SHOP_NM>델리만쥬</SHOP_NM>
				<POS_GR_CD>07</POS_GR_CD>
				<SHOP_CLASS_CD_GB></SHOP_CLASS_CD_GB>
				<SHOP_CLASS_CD>102299</SHOP_CLASS_CD>
				<SHOP_TYPE_GB>0</SHOP_TYPE_GB>
				<POS_USE_GB>1</POS_USE_GB>
				<BASE_PRT_NO>0</BASE_PRT_NO>
				<OPEN_DAY>20201229</OPEN_DAY>
				<END_DAY>99991231</END_DAY>
				<USE_GB>0</USE_GB>
				<REQ_SEQ>202012298346</REQ_SEQ>
				<REG_DTIME>20201229110330</REG_DTIME>
				<REG_ID>S000630001</REG_ID>
				<LAST_ID>S000630001</LAST_ID>
				<LAST_DTIME>20231115133202</LAST_DTIME>
			</SHOP>
			<SHOP>
				<OPER_CD>242</OPER_CD>
				<REST_CD>S000630</REST_CD>
				<SHOP_CD>0044</SHOP_CD>
				<SHOP_NM>한우덕</SHOP_NM>
				<POS_GR_CD>08</POS_GR_CD>
				<SHOP_CLASS_CD_GB></SHOP_CLASS_CD_GB>
				<SHOP_CLASS_CD>102299</SHOP_CLASS_CD>
				<SHOP_TYPE_GB>0</SHOP_TYPE_GB>
				<POS_USE_GB>1</POS_USE_GB>
				<BASE_PRT_NO>0</BASE_PRT_NO>
				<OPEN_DAY>20201229</OPEN_DAY>
				<END_DAY>20200430</END_DAY>
				<USE_GB>0</USE_GB>
				<REQ_SEQ>202012298347</REQ_SEQ>
				<REG_DTIME>20201229110923</REG_DTIME>
				<REG_ID>S000630001</REG_ID>
				<LAST_ID>S000630001</LAST_ID>
				<LAST_DTIME>20220404151505</LAST_DTIME>
			</SHOP>
			<SHOP>
				<OPER_CD>242</OPER_CD>
				<REST_CD>S000630</REST_CD>
				<SHOP_CD>0045</SHOP_CD>
				<SHOP_NM>맥스웰하우스</SHOP_NM>
				<POS_GR_CD>10</POS_GR_CD>
				<SHOP_CLASS_CD_GB></SHOP_CLASS_CD_GB>
				<SHOP_CLASS_CD>102098</SHOP_CLASS_CD>
				<SHOP_TYPE_GB>0</SHOP_TYPE_GB>
				<POS_USE_GB>1</POS_USE_GB>
				<BASE_PRT_NO>0</BASE_PRT_NO>
				<OPEN_DAY>20201229</OPEN_DAY>
				<END_DAY>99991231</END_DAY>
				<USE_GB>0</USE_GB>
				<REQ_SEQ>202012298350</REQ_SEQ>
				<REG_DTIME>20201229111236</REG_DTIME>
				<REG_ID>S000630001</REG_ID>
				<LAST_ID>S000630001</LAST_ID>
				<LAST_DTIME>20230207175304</LAST_DTIME>
			</SHOP>
			<SHOP>
				<OPER_CD>242</OPER_CD>
				<REST_CD>S000630</REST_CD>
				<SHOP_CD>0046</SHOP_CD>
				<SHOP_NM>롤리폴리(X)</SHOP_NM>
				<POS_GR_CD>11</POS_GR_CD>
				<SHOP_CLASS_CD_GB></SHOP_CLASS_CD_GB>
				<SHOP_CLASS_CD>609999</SHOP_CLASS_CD>
				<SHOP_TYPE_GB>0</SHOP_TYPE_GB>
				<POS_USE_GB>1</POS_USE_GB>
				<BASE_PRT_NO>0</BASE_PRT_NO>
				<OPEN_DAY>20201229</OPEN_DAY>
				<END_DAY>99991231</END_DAY>
				<USE_GB>1</USE_GB>
				<REQ_SEQ>202012298351</REQ_SEQ>
				<REG_DTIME>20201229111312</REG_DTIME>
				<REG_ID>S000630001</REG_ID>
				<LAST_ID>S000630001</LAST_ID>
				<LAST_DTIME>20230324133009</LAST_DTIME>
			</SHOP>
			<SHOP>
				<OPER_CD>242</OPER_CD>
				<REST_CD>S000630</REST_CD>
				<SHOP_CD>0047</SHOP_CD>
				<SHOP_NM>탐앤탐스</SHOP_NM>
				<POS_GR_CD>12</POS_GR_CD>
				<SHOP_CLASS_CD_GB></SHOP_CLASS_CD_GB>
				<SHOP_CLASS_CD>102019</SHOP_CLASS_CD>
				<SHOP_TYPE_GB>0</SHOP_TYPE_GB>
				<POS_USE_GB>1</POS_USE_GB>
				<BASE_PRT_NO>0</BASE_PRT_NO>
				<OPEN_DAY>20201229</OPEN_DAY>
				<END_DAY>99991231</END_DAY>
				<USE_GB>0</USE_GB>
				<REQ_SEQ>202012298352</REQ_SEQ>
				<REG_DTIME>20201229111340</REG_DTIME>
				<REG_ID>S000630001</REG_ID>
				<LAST_ID>S000630001</LAST_ID>
				<LAST_DTIME>20210505181214</LAST_DTIME>
			</SHOP>
			<SHOP>
				<OPER_CD>242</OPER_CD>
				<REST_CD>S000630</REST_CD>
				<SHOP_CD>0048</SHOP_CD>
				<SHOP_NM>슈즈앤멀티샵</SHOP_NM>
				<POS_GR_CD>13</POS_GR_CD>
				<SHOP_CLASS_CD_GB></SHOP_CLASS_CD_GB>
				<SHOP_CLASS_CD>301299</SHOP_CLASS_CD>
				<SHOP_TYPE_GB>1</SHOP_TYPE_GB>
				<POS_USE_GB>1</POS_USE_GB>
				<BASE_PRT_NO>0</BASE_PRT_NO>
				<OPEN_DAY>20201229</OPEN_DAY>
				<END_DAY>99991231</END_DAY>
				<USE_GB>0</USE_GB>
				<REQ_SEQ>202012298353</REQ_SEQ>
				<REG_DTIME>20201229111428</REG_DTIME>
				<REG_ID>S000630001</REG_ID>
				<LAST_ID>S000630001</LAST_ID>
				<LAST_DTIME>20230207124747</LAST_DTIME>
			</SHOP>
			<SHOP>
				<OPER_CD>242</OPER_CD>
				<REST_CD>S000630</REST_CD>
				<SHOP_CD>0049</SHOP_CD>
				<SHOP_NM>롤리폴리</SHOP_NM>
				<POS_GR_CD>16</POS_GR_CD>
				<SHOP_CLASS_CD_GB></SHOP_CLASS_CD_GB>
				<SHOP_CLASS_CD>101999</SHOP_CLASS_CD>
				<SHOP_TYPE_GB>1</SHOP_TYPE_GB>
				<POS_USE_GB>1</POS_USE_GB>
				<BASE_PRT_NO>0</BASE_PRT_NO>
				<OPEN_DAY>20210101</OPEN_DAY>
				<END_DAY>99991231</END_DAY>
				<USE_GB>1</USE_GB>
				<REQ_SEQ>202101018384</REQ_SEQ>
				<REG_DTIME>20210101114353</REG_DTIME>
				<REG_ID>S000630001</REG_ID>
				<LAST_ID>S000630001</LAST_ID>
				<LAST_DTIME>20230619191718</LAST_DTIME>
			</SHOP>
			<SHOP>
				<OPER_CD>242</OPER_CD>
				<REST_CD>S000630</REST_CD>
				<SHOP_CD>0050</SHOP_CD>
				<SHOP_NM>롤리폴리</SHOP_NM>
				<POS_GR_CD>16</POS_GR_CD>
				<SHOP_CLASS_CD_GB></SHOP_CLASS_CD_GB>
				<SHOP_CLASS_CD>101999</SHOP_CLASS_CD>
				<SHOP_TYPE_GB>0</SHOP_TYPE_GB>
				<POS_USE_GB>1</POS_USE_GB>
				<BASE_PRT_NO>0</BASE_PRT_NO>
				<OPEN_DAY>20210101</OPEN_DAY>
				<END_DAY>99991231</END_DAY>
				<USE_GB>1</USE_GB>
				<REQ_SEQ>202101018387</REQ_SEQ>
				<REG_DTIME>20210101125452</REG_DTIME>
				<REG_ID>S000630001</REG_ID>
				<LAST_ID>S000630001</LAST_ID>
				<LAST_DTIME>20230619191725</LAST_DTIME>
			</SHOP>
			<SHOP>
				<OPER_CD>242</OPER_CD>
				<REST_CD>S000630</REST_CD>
				<SHOP_CD>0051</SHOP_CD>
				<SHOP_NM>선물가게</SHOP_NM>
				<POS_GR_CD>11</POS_GR_CD>
				<SHOP_CLASS_CD_GB></SHOP_CLASS_CD_GB>
				<SHOP_CLASS_CD>609999</SHOP_CLASS_CD>
				<SHOP_TYPE_GB>1</SHOP_TYPE_GB>
				<POS_USE_GB>0</POS_USE_GB>
				<BASE_PRT_NO>0</BASE_PRT_NO>
				<OPEN_DAY>20210101</OPEN_DAY>
				<END_DAY>99991231</END_DAY>
				<USE_GB>1</USE_GB>
				<REQ_SEQ>202101018388</REQ_SEQ>
				<REG_DTIME>20210101125608</REG_DTIME>
				<REG_ID>S000630001</REG_ID>
				<LAST_ID>S000630001</LAST_ID>
				<LAST_DTIME>20230207180527</LAST_DTIME>
			</SHOP>
			<SHOP>
				<OPER_CD>242</OPER_CD>
				<REST_CD>S000630</REST_CD>
				<SHOP_CD>0052</SHOP_CD>
				<SHOP_NM>담배</SHOP_NM>
				<POS_GR_CD>01</POS_GR_CD>
				<SHOP_CLASS_CD_GB></SHOP_CLASS_CD_GB>
				<SHOP_CLASS_CD>609917</SHOP_CLASS_CD>
				<SHOP_TYPE_GB>0</SHOP_TYPE_GB>
				<POS_USE_GB>1</POS_USE_GB>
				<BASE_PRT_NO>0</BASE_PRT_NO>
				<OPEN_DAY>20210101</OPEN_DAY>
				<END_DAY>99991231</END_DAY>
				<USE_GB>1</USE_GB>
				<REQ_SEQ>202101068418</REQ_SEQ>
				<REG_DTIME>20210106123507</REG_DTIME>
				<REG_ID>S000630001</REG_ID>
				<LAST_ID>S000630001</LAST_ID>
				<LAST_DTIME>20220404145708</LAST_DTIME>
			</SHOP>
			<SHOP>
				<OPER_CD>242</OPER_CD>
				<REST_CD>S000630</REST_CD>
				<SHOP_CD>0053</SHOP_CD>
				<SHOP_NM>[미사용]짬뽕왕</SHOP_NM>
				<POS_GR_CD>04</POS_GR_CD>
				<SHOP_CLASS_CD_GB></SHOP_CLASS_CD_GB>
				<SHOP_CLASS_CD>101112</SHOP_CLASS_CD>
				<SHOP_TYPE_GB>0</SHOP_TYPE_GB>
				<POS_USE_GB>1</POS_USE_GB>
				<BASE_PRT_NO>0</BASE_PRT_NO>
				<OPEN_DAY>20210114</OPEN_DAY>
				<END_DAY>99991231</END_DAY>
				<USE_GB>0</USE_GB>
				<REQ_SEQ>202101148450</REQ_SEQ>
				<REG_DTIME>20210114172749</REG_DTIME>
				<REG_ID>S000630001</REG_ID>
				<LAST_ID>S000630001</LAST_ID>
				<LAST_DTIME>20230207124422</LAST_DTIME>
			</SHOP>
			<SHOP>
				<OPER_CD>242</OPER_CD>
				<REST_CD>S000630</REST_CD>
				<SHOP_CD>0054</SHOP_CD>
				<SHOP_NM>[미사용]짬뽕왕</SHOP_NM>
				<POS_GR_CD>04</POS_GR_CD>
				<SHOP_CLASS_CD_GB></SHOP_CLASS_CD_GB>
				<SHOP_CLASS_CD>101112</SHOP_CLASS_CD>
				<SHOP_TYPE_GB>0</SHOP_TYPE_GB>
				<POS_USE_GB>0</POS_USE_GB>
				<BASE_PRT_NO>0</BASE_PRT_NO>
				<OPEN_DAY>20210118</OPEN_DAY>
				<END_DAY>99991231</END_DAY>
				<USE_GB>0</USE_GB>
				<REQ_SEQ>202101188455</REQ_SEQ>
				<REG_DTIME>20210118193855</REG_DTIME>
				<REG_ID>S000630001</REG_ID>
				<LAST_ID>S000630001</LAST_ID>
				<LAST_DTIME>20220712155832</LAST_DTIME>
			</SHOP>
			<SHOP>
				<OPER_CD>242</OPER_CD>
				<REST_CD>S000630</REST_CD>
				<SHOP_CD>0055</SHOP_CD>
				<SHOP_NM>[미사용]햄버거</SHOP_NM>
				<POS_GR_CD>04</POS_GR_CD>
				<SHOP_CLASS_CD_GB></SHOP_CLASS_CD_GB>
				<SHOP_CLASS_CD>101999</SHOP_CLASS_CD>
				<SHOP_TYPE_GB>0</SHOP_TYPE_GB>
				<POS_USE_GB>0</POS_USE_GB>
				<BASE_PRT_NO>0</BASE_PRT_NO>
				<OPEN_DAY>20210119</OPEN_DAY>
				<END_DAY>99991231</END_DAY>
				<USE_GB>0</USE_GB>
				<REQ_SEQ>202101198456</REQ_SEQ>
				<REG_DTIME>20210119124406</REG_DTIME>
				<REG_ID>S000630001</REG_ID>
				<LAST_ID>S000630001</LAST_ID>
				<LAST_DTIME>20220716131649</LAST_DTIME>
			</SHOP>
			<SHOP>
				<OPER_CD>242</OPER_CD>
				<REST_CD>S000630</REST_CD>
				<SHOP_CD>0056</SHOP_CD>
				<SHOP_NM>건어물구이</SHOP_NM>
				<POS_GR_CD>17</POS_GR_CD>
				<SHOP_CLASS_CD_GB></SHOP_CLASS_CD_GB>
				<SHOP_CLASS_CD>102212</SHOP_CLASS_CD>
				<SHOP_TYPE_GB>0</SHOP_TYPE_GB>
				<POS_USE_GB>1</POS_USE_GB>
				<BASE_PRT_NO>0</BASE_PRT_NO>
				<OPEN_DAY>20210120</OPEN_DAY>
				<END_DAY>99991231</END_DAY>
				<USE_GB>0</USE_GB>
				<REQ_SEQ>202101208458</REQ_SEQ>
				<REG_DTIME>20210120145308</REG_DTIME>
				<REG_ID>S000630001</REG_ID>
				<LAST_ID>S000630001</LAST_ID>
				<LAST_DTIME>20230831115325</LAST_DTIME>
			</SHOP>
			<SHOP>
				<OPER_CD>242</OPER_CD>
				<REST_CD>S000630</REST_CD>
				<SHOP_CD>0057</SHOP_CD>
				<SHOP_NM>전병세트</SHOP_NM>
				<POS_GR_CD>03</POS_GR_CD>
				<SHOP_CLASS_CD_GB></SHOP_CLASS_CD_GB>
				<SHOP_CLASS_CD>609915</SHOP_CLASS_CD>
				<SHOP_TYPE_GB>0</SHOP_TYPE_GB>
				<POS_USE_GB>1</POS_USE_GB>
				<BASE_PRT_NO>0</BASE_PRT_NO>
				<OPEN_DAY>20210201</OPEN_DAY>
				<END_DAY>99991231</END_DAY>
				<USE_GB>0</USE_GB>
				<REQ_SEQ>202102018501</REQ_SEQ>
				<REG_DTIME>20210201140917</REG_DTIME>
				<REG_ID>S000630001</REG_ID>
				<LAST_ID>S000630001</LAST_ID>
				<LAST_DTIME>20230831114252</LAST_DTIME>
			</SHOP>
			<SHOP>
				<OPER_CD>242</OPER_CD>
				<REST_CD>S000630</REST_CD>
				<SHOP_CD>0058</SHOP_CD>
				<SHOP_NM>충무김밥(명절1)</SHOP_NM>
				<POS_GR_CD>07</POS_GR_CD>
				<SHOP_CLASS_CD_GB></SHOP_CLASS_CD_GB>
				<SHOP_CLASS_CD>101116</SHOP_CLASS_CD>
				<SHOP_TYPE_GB>0</SHOP_TYPE_GB>
				<POS_USE_GB>1</POS_USE_GB>
				<BASE_PRT_NO>0</BASE_PRT_NO>
				<OPEN_DAY>20210203</OPEN_DAY>
				<END_DAY>99991231</END_DAY>
				<USE_GB>0</USE_GB>
				<REQ_SEQ>202102038507</REQ_SEQ>
				<REG_DTIME>20210203172317</REG_DTIME>
				<REG_ID>S000630001</REG_ID>
				<LAST_ID>S000630001</LAST_ID>
				<LAST_DTIME>20230207175616</LAST_DTIME>
			</SHOP>
			<SHOP>
				<OPER_CD>242</OPER_CD>
				<REST_CD>S000630</REST_CD>
				<SHOP_CD>0059</SHOP_CD>
				<SHOP_NM>충무김밥(명절2)</SHOP_NM>
				<POS_GR_CD>09</POS_GR_CD>
				<SHOP_CLASS_CD_GB></SHOP_CLASS_CD_GB>
				<SHOP_CLASS_CD>101116</SHOP_CLASS_CD>
				<SHOP_TYPE_GB>0</SHOP_TYPE_GB>
				<POS_USE_GB>1</POS_USE_GB>
				<BASE_PRT_NO>0</BASE_PRT_NO>
				<OPEN_DAY>20210203</OPEN_DAY>
				<END_DAY>99991231</END_DAY>
				<USE_GB>0</USE_GB>
				<REQ_SEQ>202102038508</REQ_SEQ>
				<REG_DTIME>20210203172345</REG_DTIME>
				<REG_ID>S000630001</REG_ID>
				<LAST_ID>S000630001</LAST_ID>
				<LAST_DTIME>20230912120049</LAST_DTIME>
			</SHOP>
			<SHOP>
				<OPER_CD>242</OPER_CD>
				<REST_CD>S000630</REST_CD>
				<SHOP_CD>0060</SHOP_CD>
				<SHOP_NM>안흥찐빵</SHOP_NM>
				<POS_GR_CD>18</POS_GR_CD>
				<SHOP_CLASS_CD_GB></SHOP_CLASS_CD_GB>
				<SHOP_CLASS_CD>101999</SHOP_CLASS_CD>
				<SHOP_TYPE_GB>0</SHOP_TYPE_GB>
				<POS_USE_GB>1</POS_USE_GB>
				<BASE_PRT_NO>0</BASE_PRT_NO>
				<OPEN_DAY>20210209</OPEN_DAY>
				<END_DAY>99991231</END_DAY>
				<USE_GB>1</USE_GB>
				<REQ_SEQ>202102098552</REQ_SEQ>
				<REG_DTIME>20210209143417</REG_DTIME>
				<REG_ID>S000630001</REG_ID>
				<LAST_ID>S000630001</LAST_ID>
				<LAST_DTIME>20230831114706</LAST_DTIME>
			</SHOP>
			<SHOP>
				<OPER_CD>242</OPER_CD>
				<REST_CD>S000630</REST_CD>
				<SHOP_CD>0061</SHOP_CD>
				<SHOP_NM>자판기(구급박스)</SHOP_NM>
				<POS_GR_CD>02</POS_GR_CD>
				<SHOP_CLASS_CD_GB></SHOP_CLASS_CD_GB>
				<SHOP_CLASS_CD>601214</SHOP_CLASS_CD>
				<SHOP_TYPE_GB>0</SHOP_TYPE_GB>
				<POS_USE_GB>1</POS_USE_GB>
				<BASE_PRT_NO>0</BASE_PRT_NO>
				<OPEN_DAY>20210213</OPEN_DAY>
				<END_DAY>99991231</END_DAY>
				<USE_GB>0</USE_GB>
				<REQ_SEQ>202102138563</REQ_SEQ>
				<REG_DTIME>20210213185348</REG_DTIME>
				<REG_ID>S000630001</REG_ID>
				<LAST_ID>S000630001</LAST_ID>
				<LAST_DTIME>20231022120501</LAST_DTIME>
			</SHOP>
			<SHOP>
				<OPER_CD>242</OPER_CD>
				<REST_CD>S000630</REST_CD>
				<SHOP_CD>0062</SHOP_CD>
				<SHOP_NM>사과매장</SHOP_NM>
				<POS_GR_CD>03</POS_GR_CD>
				<SHOP_CLASS_CD_GB></SHOP_CLASS_CD_GB>
				<SHOP_CLASS_CD>201311</SHOP_CLASS_CD>
				<SHOP_TYPE_GB>0</SHOP_TYPE_GB>
				<POS_USE_GB>0</POS_USE_GB>
				<BASE_PRT_NO>0</BASE_PRT_NO>
				<OPEN_DAY>20210225</OPEN_DAY>
				<END_DAY>99991231</END_DAY>
				<USE_GB>0</USE_GB>
				<REQ_SEQ>202102258591</REQ_SEQ>
				<REG_DTIME>20210225171412</REG_DTIME>
				<REG_ID>S000630001</REG_ID>
				<LAST_ID>S000630001</LAST_ID>
				<LAST_DTIME>20230831114247</LAST_DTIME>
			</SHOP>
			<SHOP>
				<OPER_CD>242</OPER_CD>
				<REST_CD>S000630</REST_CD>
				<SHOP_CD>0063</SHOP_CD>
				<SHOP_NM>임시매장</SHOP_NM>
				<POS_GR_CD>19</POS_GR_CD>
				<SHOP_CLASS_CD_GB></SHOP_CLASS_CD_GB>
				<SHOP_CLASS_CD>101999</SHOP_CLASS_CD>
				<SHOP_TYPE_GB>0</SHOP_TYPE_GB>
				<POS_USE_GB>1</POS_USE_GB>
				<BASE_PRT_NO>0</BASE_PRT_NO>
				<OPEN_DAY>20210225</OPEN_DAY>
				<END_DAY>99991231</END_DAY>
				<USE_GB>0</USE_GB>
				<REQ_SEQ>202102258592</REQ_SEQ>
				<REG_DTIME>20210225172614</REG_DTIME>
				<REG_ID>S000630001</REG_ID>
				<LAST_ID>qkraudtjr</LAST_ID>
				<LAST_DTIME>20220527164448</LAST_DTIME>
			</SHOP>
			<SHOP>
				<OPER_CD>242</OPER_CD>
				<REST_CD>S000630</REST_CD>
				<SHOP_CD>0064</SHOP_CD>
				<SHOP_NM>유원토이</SHOP_NM>
				<POS_GR_CD>20</POS_GR_CD>
				<SHOP_CLASS_CD_GB></SHOP_CLASS_CD_GB>
				<SHOP_CLASS_CD>401212</SHOP_CLASS_CD>
				<SHOP_TYPE_GB>0</SHOP_TYPE_GB>
				<POS_USE_GB>0</POS_USE_GB>
				<BASE_PRT_NO>0</BASE_PRT_NO>
				<OPEN_DAY>20210301</OPEN_DAY>
				<END_DAY>99991231</END_DAY>
				<USE_GB>0</USE_GB>
				<REQ_SEQ>202103018610</REQ_SEQ>
				<REG_DTIME>20210301161334</REG_DTIME>
				<REG_ID>S000630001</REG_ID>
				<LAST_ID>S000630001</LAST_ID>
				<LAST_DTIME>20230207180222</LAST_DTIME>
			</SHOP>
			<SHOP>
				<OPER_CD>242</OPER_CD>
				<REST_CD>S000630</REST_CD>
				<SHOP_CD>0065</SHOP_CD>
				<SHOP_NM>더키드</SHOP_NM>
				<POS_GR_CD>21</POS_GR_CD>
				<SHOP_CLASS_CD_GB></SHOP_CLASS_CD_GB>
				<SHOP_CLASS_CD>401212</SHOP_CLASS_CD>
				<SHOP_TYPE_GB>0</SHOP_TYPE_GB>
				<POS_USE_GB>0</POS_USE_GB>
				<BASE_PRT_NO>0</BASE_PRT_NO>
				<OPEN_DAY>20210301</OPEN_DAY>
				<END_DAY>99991231</END_DAY>
				<USE_GB>0</USE_GB>
				<REQ_SEQ>202103018611</REQ_SEQ>
				<REG_DTIME>20210301161433</REG_DTIME>
				<REG_ID>S000630001</REG_ID>
				<LAST_ID>S000630001</LAST_ID>
				<LAST_DTIME>20230207180238</LAST_DTIME>
			</SHOP>
			<SHOP>
				<OPER_CD>242</OPER_CD>
				<REST_CD>S000630</REST_CD>
				<SHOP_CD>0066</SHOP_CD>
				<SHOP_NM>직원식당</SHOP_NM>
				<POS_GR_CD>22</POS_GR_CD>
				<SHOP_CLASS_CD_GB></SHOP_CLASS_CD_GB>
				<SHOP_CLASS_CD>101199</SHOP_CLASS_CD>
				<SHOP_TYPE_GB>0</SHOP_TYPE_GB>
				<POS_USE_GB>0</POS_USE_GB>
				<BASE_PRT_NO>0</BASE_PRT_NO>
				<OPEN_DAY>20210301</OPEN_DAY>
				<END_DAY>99991231</END_DAY>
				<USE_GB>1</USE_GB>
				<REQ_SEQ>202103018612</REQ_SEQ>
				<REG_DTIME>20210301161500</REG_DTIME>
				<REG_ID>S000630001</REG_ID>
				<LAST_ID>S000630001</LAST_ID>
				<LAST_DTIME>20220404151505</LAST_DTIME>
			</SHOP>
			<SHOP>
				<OPER_CD>242</OPER_CD>
				<REST_CD>S000630</REST_CD>
				<SHOP_CD>0067</SHOP_CD>
				<SHOP_NM>로띠번</SHOP_NM>
				<POS_GR_CD>23</POS_GR_CD>
				<SHOP_CLASS_CD_GB></SHOP_CLASS_CD_GB>
				<SHOP_CLASS_CD>101919</SHOP_CLASS_CD>
				<SHOP_TYPE_GB>0</SHOP_TYPE_GB>
				<POS_USE_GB>0</POS_USE_GB>
				<BASE_PRT_NO>0</BASE_PRT_NO>
				<OPEN_DAY>20210317</OPEN_DAY>
				<END_DAY>99991231</END_DAY>
				<USE_GB>1</USE_GB>
				<REQ_SEQ>202103178646</REQ_SEQ>
				<REG_DTIME>20210317164238</REG_DTIME>
				<REG_ID>S000630001</REG_ID>
				<LAST_ID>S000630001</LAST_ID>
				<LAST_DTIME>20231018182604</LAST_DTIME>
			</SHOP>
			<SHOP>
				<OPER_CD>242</OPER_CD>
				<REST_CD>S000630</REST_CD>
				<SHOP_CD>0068</SHOP_CD>
				<SHOP_NM>로띠번</SHOP_NM>
				<POS_GR_CD>16</POS_GR_CD>
				<SHOP_CLASS_CD_GB></SHOP_CLASS_CD_GB>
				<SHOP_CLASS_CD>101919</SHOP_CLASS_CD>
				<SHOP_TYPE_GB>0</SHOP_TYPE_GB>
				<POS_USE_GB>0</POS_USE_GB>
				<BASE_PRT_NO>0</BASE_PRT_NO>
				<OPEN_DAY>20210322</OPEN_DAY>
				<END_DAY>99991231</END_DAY>
				<USE_GB>0</USE_GB>
				<REQ_SEQ>202103228655</REQ_SEQ>
				<REG_DTIME>20210322141252</REG_DTIME>
				<REG_ID>S000630001</REG_ID>
				<LAST_ID>S000630001</LAST_ID>
				<LAST_DTIME>20210505181301</LAST_DTIME>
			</SHOP>
			<SHOP>
				<OPER_CD>242</OPER_CD>
				<REST_CD>S000630</REST_CD>
				<SHOP_CD>0069</SHOP_CD>
				<SHOP_NM>로띠번</SHOP_NM>
				<POS_GR_CD>11</POS_GR_CD>
				<SHOP_CLASS_CD_GB></SHOP_CLASS_CD_GB>
				<SHOP_CLASS_CD>101919</SHOP_CLASS_CD>
				<SHOP_TYPE_GB>1</SHOP_TYPE_GB>
				<POS_USE_GB>1</POS_USE_GB>
				<BASE_PRT_NO>0</BASE_PRT_NO>
				<OPEN_DAY>20210322</OPEN_DAY>
				<END_DAY>99991231</END_DAY>
				<USE_GB>1</USE_GB>
				<REQ_SEQ>202103228656</REQ_SEQ>
				<REG_DTIME>20210322141435</REG_DTIME>
				<REG_ID>S000630001</REG_ID>
				<LAST_ID>S000630001</LAST_ID>
				<LAST_DTIME>20230207180521</LAST_DTIME>
			</SHOP>
			<SHOP>
				<OPER_CD>242</OPER_CD>
				<REST_CD>S000630</REST_CD>
				<SHOP_CD>0070</SHOP_CD>
				<SHOP_NM>소모품매장</SHOP_NM>
				<POS_GR_CD>24</POS_GR_CD>
				<SHOP_CLASS_CD_GB></SHOP_CLASS_CD_GB>
				<SHOP_CLASS_CD>609999</SHOP_CLASS_CD>
				<SHOP_TYPE_GB>0</SHOP_TYPE_GB>
				<POS_USE_GB>1</POS_USE_GB>
				<BASE_PRT_NO>0</BASE_PRT_NO>
				<OPEN_DAY>20210501</OPEN_DAY>
				<END_DAY>99991231</END_DAY>
				<USE_GB>1</USE_GB>
				<REQ_SEQ>202105018923</REQ_SEQ>
				<REG_DTIME>20210501171236</REG_DTIME>
				<REG_ID>S000630001</REG_ID>
				<LAST_ID>S000630001</LAST_ID>
				<LAST_DTIME>20220404151505</LAST_DTIME>
			</SHOP>
			<SHOP>
				<OPER_CD>242</OPER_CD>
				<REST_CD>S000630</REST_CD>
				<SHOP_CD>0071</SHOP_CD>
				<SHOP_NM>자판기(동구커피)</SHOP_NM>
				<POS_GR_CD>25</POS_GR_CD>
				<SHOP_CLASS_CD_GB></SHOP_CLASS_CD_GB>
				<SHOP_CLASS_CD>601211</SHOP_CLASS_CD>
				<SHOP_TYPE_GB>0</SHOP_TYPE_GB>
				<POS_USE_GB>1</POS_USE_GB>
				<BASE_PRT_NO>0</BASE_PRT_NO>
				<OPEN_DAY>20210512</OPEN_DAY>
				<END_DAY>99991231</END_DAY>
				<USE_GB>0</USE_GB>
				<REQ_SEQ>202105128967</REQ_SEQ>
				<REG_DTIME>20210512162827</REG_DTIME>
				<REG_ID>S000630001</REG_ID>
				<LAST_ID>S000630001</LAST_ID>
				<LAST_DTIME>20230207175424</LAST_DTIME>
			</SHOP>
			<SHOP>
				<OPER_CD>242</OPER_CD>
				<REST_CD>S000630</REST_CD>
				<SHOP_CD>0072</SHOP_CD>
				<SHOP_NM>신라유통</SHOP_NM>
				<POS_GR_CD>26</POS_GR_CD>
				<SHOP_CLASS_CD_GB></SHOP_CLASS_CD_GB>
				<SHOP_CLASS_CD>401212</SHOP_CLASS_CD>
				<SHOP_TYPE_GB>0</SHOP_TYPE_GB>
				<POS_USE_GB>1</POS_USE_GB>
				<BASE_PRT_NO>0</BASE_PRT_NO>
				<OPEN_DAY>20210516</OPEN_DAY>
				<END_DAY>99991231</END_DAY>
				<USE_GB>0</USE_GB>
				<REQ_SEQ>202105168974</REQ_SEQ>
				<REG_DTIME>20210516142932</REG_DTIME>
				<REG_ID>S000630001</REG_ID>
				<LAST_ID>S000630001</LAST_ID>
				<LAST_DTIME>20230207180247</LAST_DTIME>
			</SHOP>
			<SHOP>
				<OPER_CD>242</OPER_CD>
				<REST_CD>S000630</REST_CD>
				<SHOP_CD>0073</SHOP_CD>
				<SHOP_NM>자판기(휴라면)</SHOP_NM>
				<POS_GR_CD>02</POS_GR_CD>
				<SHOP_CLASS_CD_GB></SHOP_CLASS_CD_GB>
				<SHOP_CLASS_CD>601215</SHOP_CLASS_CD>
				<SHOP_TYPE_GB>0</SHOP_TYPE_GB>
				<POS_USE_GB>1</POS_USE_GB>
				<BASE_PRT_NO>0</BASE_PRT_NO>
				<OPEN_DAY>20210813</OPEN_DAY>
				<END_DAY>99991231</END_DAY>
				<USE_GB>1</USE_GB>
				<REQ_SEQ>202108139323</REQ_SEQ>
				<REG_DTIME>20210813073641</REG_DTIME>
				<REG_ID>bw8303</REG_ID>
				<LAST_ID>james7094</LAST_ID>
				<LAST_DTIME>20260211180701</LAST_DTIME>
			</SHOP>
			<SHOP>
				<OPER_CD>242</OPER_CD>
				<REST_CD>S000630</REST_CD>
				<SHOP_CD>0074</SHOP_CD>
				<SHOP_NM>충무김밥</SHOP_NM>
				<POS_GR_CD>01</POS_GR_CD>
				<SHOP_CLASS_CD_GB></SHOP_CLASS_CD_GB>
				<SHOP_CLASS_CD>101116</SHOP_CLASS_CD>
				<SHOP_TYPE_GB>1</SHOP_TYPE_GB>
				<POS_USE_GB>1</POS_USE_GB>
				<BASE_PRT_NO>0</BASE_PRT_NO>
				<OPEN_DAY>20210831</OPEN_DAY>
				<END_DAY>99991231</END_DAY>
				<USE_GB>0</USE_GB>
				<REQ_SEQ>202108319426</REQ_SEQ>
				<REG_DTIME>20210831115938</REG_DTIME>
				<REG_ID>bw8303</REG_ID>
				<LAST_ID>S000630001</LAST_ID>
				<LAST_DTIME>20240402184734</LAST_DTIME>
			</SHOP>
			<SHOP>
				<OPER_CD>242</OPER_CD>
				<REST_CD>S000630</REST_CD>
				<SHOP_CD>0075</SHOP_CD>
				<SHOP_NM>건어물(오징어,쥐포)</SHOP_NM>
				<POS_GR_CD>09</POS_GR_CD>
				<SHOP_CLASS_CD_GB></SHOP_CLASS_CD_GB>
				<SHOP_CLASS_CD>102212</SHOP_CLASS_CD>
				<SHOP_TYPE_GB>0</SHOP_TYPE_GB>
				<POS_USE_GB>1</POS_USE_GB>
				<BASE_PRT_NO>0</BASE_PRT_NO>
				<OPEN_DAY>20210914</OPEN_DAY>
				<END_DAY>99991231</END_DAY>
				<USE_GB>0</USE_GB>
				<REQ_SEQ>202109149476</REQ_SEQ>
				<REG_DTIME>20210914153954</REG_DTIME>
				<REG_ID>bw8303</REG_ID>
				<LAST_ID>S000630001</LAST_ID>
				<LAST_DTIME>20230912120125</LAST_DTIME>
			</SHOP>
			<SHOP>
				<OPER_CD>242</OPER_CD>
				<REST_CD>S000630</REST_CD>
				<SHOP_CD>0076</SHOP_CD>
				<SHOP_NM>임시매장(충무김밥)</SHOP_NM>
				<POS_GR_CD>27</POS_GR_CD>
				<SHOP_CLASS_CD_GB></SHOP_CLASS_CD_GB>
				<SHOP_CLASS_CD>101199</SHOP_CLASS_CD>
				<SHOP_TYPE_GB>0</SHOP_TYPE_GB>
				<POS_USE_GB>1</POS_USE_GB>
				<BASE_PRT_NO>0</BASE_PRT_NO>
				<OPEN_DAY>20211005</OPEN_DAY>
				<END_DAY>99991231</END_DAY>
				<USE_GB>1</USE_GB>
				<REQ_SEQ>202110059533</REQ_SEQ>
				<REG_DTIME>20211005151513</REG_DTIME>
				<REG_ID>bw8303</REG_ID>
				<LAST_ID>S000630001</LAST_ID>
				<LAST_DTIME>20240418181644</LAST_DTIME>
			</SHOP>
			<SHOP>
				<OPER_CD>242</OPER_CD>
				<REST_CD>S000630</REST_CD>
				<SHOP_CD>0077</SHOP_CD>
				<SHOP_NM>임시매장(가판)</SHOP_NM>
				<POS_GR_CD>27</POS_GR_CD>
				<SHOP_CLASS_CD_GB></SHOP_CLASS_CD_GB>
				<SHOP_CLASS_CD>102299</SHOP_CLASS_CD>
				<SHOP_TYPE_GB>1</SHOP_TYPE_GB>
				<POS_USE_GB>1</POS_USE_GB>
				<BASE_PRT_NO>0</BASE_PRT_NO>
				<OPEN_DAY>20211005</OPEN_DAY>
				<END_DAY>99991231</END_DAY>
				<USE_GB>1</USE_GB>
				<REQ_SEQ>202110059534</REQ_SEQ>
				<REG_DTIME>20211005151632</REG_DTIME>
				<REG_ID>bw8303</REG_ID>
				<LAST_ID>S000630001</LAST_ID>
				<LAST_DTIME>20230207180633</LAST_DTIME>
			</SHOP>
			<SHOP>
				<OPER_CD>242</OPER_CD>
				<REST_CD>S000630</REST_CD>
				<SHOP_CD>0078</SHOP_CD>
				<SHOP_NM>임시매장(청주오믈렛)</SHOP_NM>
				<POS_GR_CD>27</POS_GR_CD>
				<SHOP_CLASS_CD_GB></SHOP_CLASS_CD_GB>
				<SHOP_CLASS_CD>101999</SHOP_CLASS_CD>
				<SHOP_TYPE_GB>1</SHOP_TYPE_GB>
				<POS_USE_GB>1</POS_USE_GB>
				<BASE_PRT_NO>0</BASE_PRT_NO>
				<OPEN_DAY>20211005</OPEN_DAY>
				<END_DAY>99991231</END_DAY>
				<USE_GB>1</USE_GB>
				<REQ_SEQ>202110059535</REQ_SEQ>
				<REG_DTIME>20211005151715</REG_DTIME>
				<REG_ID>bw8303</REG_ID>
				<LAST_ID>S000630001</LAST_ID>
				<LAST_DTIME>20230207180627</LAST_DTIME>
			</SHOP>
			<SHOP>
				<OPER_CD>242</OPER_CD>
				<REST_CD>S000630</REST_CD>
				<SHOP_CD>0079</SHOP_CD>
				<SHOP_NM>드롭탑(9동)</SHOP_NM>
				<POS_GR_CD>28</POS_GR_CD>
				<SHOP_CLASS_CD_GB></SHOP_CLASS_CD_GB>
				<SHOP_CLASS_CD>102021</SHOP_CLASS_CD>
				<SHOP_TYPE_GB>0</SHOP_TYPE_GB>
				<POS_USE_GB>1</POS_USE_GB>
				<BASE_PRT_NO>0</BASE_PRT_NO>
				<OPEN_DAY>20211030</OPEN_DAY>
				<END_DAY>99991231</END_DAY>
				<USE_GB>1</USE_GB>
				<REQ_SEQ>202110309579</REQ_SEQ>
				<REG_DTIME>20211030111450</REG_DTIME>
				<REG_ID>bw8303</REG_ID>
				<LAST_ID>S000630001</LAST_ID>
				<LAST_DTIME>20231018182541</LAST_DTIME>
			</SHOP>
			<SHOP>
				<OPER_CD>242</OPER_CD>
				<REST_CD>S000630</REST_CD>
				<SHOP_CD>0080</SHOP_CD>
				<SHOP_NM>토이매장(편의점)</SHOP_NM>
				<POS_GR_CD>01</POS_GR_CD>
				<SHOP_CLASS_CD_GB></SHOP_CLASS_CD_GB>
				<SHOP_CLASS_CD>401212</SHOP_CLASS_CD>
				<SHOP_TYPE_GB>1</SHOP_TYPE_GB>
				<POS_USE_GB>1</POS_USE_GB>
				<BASE_PRT_NO>0</BASE_PRT_NO>
				<OPEN_DAY>20220411</OPEN_DAY>
				<END_DAY>99991231</END_DAY>
				<USE_GB>1</USE_GB>
				<REQ_SEQ>202204110641</REQ_SEQ>
				<REG_DTIME>20220411123453</REG_DTIME>
				<REG_ID>S000630001</REG_ID>
				<LAST_ID>S000630001</LAST_ID>
				<LAST_DTIME>20230207180320</LAST_DTIME>
			</SHOP>
			<SHOP>
				<OPER_CD>242</OPER_CD>
				<REST_CD>S000630</REST_CD>
				<SHOP_CD>0081</SHOP_CD>
				<SHOP_NM>직원식대(통합)</SHOP_NM>
				<POS_GR_CD>04</POS_GR_CD>
				<SHOP_CLASS_CD_GB></SHOP_CLASS_CD_GB>
				<SHOP_CLASS_CD>609999</SHOP_CLASS_CD>
				<SHOP_TYPE_GB>0</SHOP_TYPE_GB>
				<POS_USE_GB>1</POS_USE_GB>
				<BASE_PRT_NO>0</BASE_PRT_NO>
				<OPEN_DAY>20220411</OPEN_DAY>
				<END_DAY>99991231</END_DAY>
				<USE_GB>1</USE_GB>
				<REQ_SEQ>202204110642</REQ_SEQ>
				<REG_DTIME>20220411130834</REG_DTIME>
				<REG_ID>S000630001</REG_ID>
				<LAST_ID>S000630001</LAST_ID>
				<LAST_DTIME>20220419094310</LAST_DTIME>
			</SHOP>
			<SHOP>
				<OPER_CD>242</OPER_CD>
				<REST_CD>S000630</REST_CD>
				<SHOP_CD>0082</SHOP_CD>
				<SHOP_NM>CU편의점</SHOP_NM>
				<POS_GR_CD>29</POS_GR_CD>
				<SHOP_CLASS_CD_GB></SHOP_CLASS_CD_GB>
				<SHOP_CLASS_CD>201113</SHOP_CLASS_CD>
				<SHOP_TYPE_GB>1</SHOP_TYPE_GB>
				<POS_USE_GB>1</POS_USE_GB>
				<BASE_PRT_NO>0</BASE_PRT_NO>
				<OPEN_DAY>20220415</OPEN_DAY>
				<END_DAY>99991231</END_DAY>
				<USE_GB>1</USE_GB>
				<REQ_SEQ>202204150681</REQ_SEQ>
				<REG_DTIME>20220415131331</REG_DTIME>
				<REG_ID>S000630001</REG_ID>
				<LAST_ID>S000630001</LAST_ID>
				<LAST_DTIME>20230919180545</LAST_DTIME>
			</SHOP>
			<SHOP>
				<OPER_CD>242</OPER_CD>
				<REST_CD>S000630</REST_CD>
				<SHOP_CD>0083</SHOP_CD>
				<SHOP_NM>사용안함 CU담배매장</SHOP_NM>
				<POS_GR_CD>29</POS_GR_CD>
				<SHOP_CLASS_CD_GB></SHOP_CLASS_CD_GB>
				<SHOP_CLASS_CD>609917</SHOP_CLASS_CD>
				<SHOP_TYPE_GB>0</SHOP_TYPE_GB>
				<POS_USE_GB>1</POS_USE_GB>
				<BASE_PRT_NO>0</BASE_PRT_NO>
				<OPEN_DAY>20220420</OPEN_DAY>
				<END_DAY>99991231</END_DAY>
				<USE_GB>0</USE_GB>
				<REQ_SEQ>202204200723</REQ_SEQ>
				<REG_DTIME>20220420094153</REG_DTIME>
				<REG_ID>S000630001</REG_ID>
				<LAST_ID>S000630001</LAST_ID>
				<LAST_DTIME>20220524160416</LAST_DTIME>
			</SHOP>
			<SHOP>
				<OPER_CD>242</OPER_CD>
				<REST_CD>S000630</REST_CD>
				<SHOP_CD>0084</SHOP_CD>
				<SHOP_NM>임시매장(분재)</SHOP_NM>
				<POS_GR_CD>27</POS_GR_CD>
				<SHOP_CLASS_CD_GB></SHOP_CLASS_CD_GB>
				<SHOP_CLASS_CD>609999</SHOP_CLASS_CD>
				<SHOP_TYPE_GB>0</SHOP_TYPE_GB>
				<POS_USE_GB>1</POS_USE_GB>
				<BASE_PRT_NO>0</BASE_PRT_NO>
				<OPEN_DAY>20220502</OPEN_DAY>
				<END_DAY>99991231</END_DAY>
				<USE_GB>1</USE_GB>
				<REQ_SEQ>202205020923</REQ_SEQ>
				<REG_DTIME>20220502151026</REG_DTIME>
				<REG_ID>S000630001</REG_ID>
				<LAST_ID>S000630001</LAST_ID>
				<LAST_DTIME>20240418181546</LAST_DTIME>
			</SHOP>
			<SHOP>
				<OPER_CD>242</OPER_CD>
				<REST_CD>S000630</REST_CD>
				<SHOP_CD>0085</SHOP_CD>
				<SHOP_NM>임시매장(방울떡)</SHOP_NM>
				<POS_GR_CD>27</POS_GR_CD>
				<SHOP_CLASS_CD_GB></SHOP_CLASS_CD_GB>
				<SHOP_CLASS_CD>101999</SHOP_CLASS_CD>
				<SHOP_TYPE_GB>0</SHOP_TYPE_GB>
				<POS_USE_GB>1</POS_USE_GB>
				<BASE_PRT_NO>0</BASE_PRT_NO>
				<OPEN_DAY>20220527</OPEN_DAY>
				<END_DAY>99991231</END_DAY>
				<USE_GB>1</USE_GB>
				<REQ_SEQ>202205271162</REQ_SEQ>
				<REG_DTIME>20220527164903</REG_DTIME>
				<REG_ID>qkraudtjr</REG_ID>
				<LAST_ID>S000630001</LAST_ID>
				<LAST_DTIME>20240418181632</LAST_DTIME>
			</SHOP>
			<SHOP>
				<OPER_CD>242</OPER_CD>
				<REST_CD>S000630</REST_CD>
				<SHOP_CD>0086</SHOP_CD>
				<SHOP_NM>드롭탑(구관)</SHOP_NM>
				<POS_GR_CD>28</POS_GR_CD>
				<SHOP_CLASS_CD_GB></SHOP_CLASS_CD_GB>
				<SHOP_CLASS_CD>102021</SHOP_CLASS_CD>
				<SHOP_TYPE_GB>1</SHOP_TYPE_GB>
				<POS_USE_GB>1</POS_USE_GB>
				<BASE_PRT_NO>0</BASE_PRT_NO>
				<OPEN_DAY>20220630</OPEN_DAY>
				<END_DAY>99991231</END_DAY>
				<USE_GB>1</USE_GB>
				<REQ_SEQ>202206301500</REQ_SEQ>
				<REG_DTIME>20220630191615</REG_DTIME>
				<REG_ID>S000630001</REG_ID>
				<LAST_ID>S000630001</LAST_ID>
				<LAST_DTIME>20230322095049</LAST_DTIME>
			</SHOP>
			<SHOP>
				<OPER_CD>242</OPER_CD>
				<REST_CD>S000630</REST_CD>
				<SHOP_CD>0087</SHOP_CD>
				<SHOP_NM>엔제리너스(엔젤그룹)</SHOP_NM>
				<POS_GR_CD>30</POS_GR_CD>
				<SHOP_CLASS_CD_GB></SHOP_CLASS_CD_GB>
				<SHOP_CLASS_CD>102012</SHOP_CLASS_CD>
				<SHOP_TYPE_GB>0</SHOP_TYPE_GB>
				<POS_USE_GB>1</POS_USE_GB>
				<BASE_PRT_NO>0</BASE_PRT_NO>
				<OPEN_DAY>20220712</OPEN_DAY>
				<END_DAY>99991231</END_DAY>
				<USE_GB>0</USE_GB>
				<REQ_SEQ>202207121604</REQ_SEQ>
				<REG_DTIME>20220712134449</REG_DTIME>
				<REG_ID>74sqs</REG_ID>
				<LAST_ID>S000630001</LAST_ID>
				<LAST_DTIME>20230207175747</LAST_DTIME>
			</SHOP>
			<SHOP>
				<OPER_CD>242</OPER_CD>
				<REST_CD>S000630</REST_CD>
				<SHOP_CD>0088</SHOP_CD>
				<SHOP_NM>금강설렁탕</SHOP_NM>
				<POS_GR_CD>04</POS_GR_CD>
				<SHOP_CLASS_CD_GB></SHOP_CLASS_CD_GB>
				<SHOP_CLASS_CD>101111</SHOP_CLASS_CD>
				<SHOP_TYPE_GB>1</SHOP_TYPE_GB>
				<POS_USE_GB>1</POS_USE_GB>
				<BASE_PRT_NO>0</BASE_PRT_NO>
				<OPEN_DAY>20220716</OPEN_DAY>
				<END_DAY>99991231</END_DAY>
				<USE_GB>1</USE_GB>
				<REQ_SEQ>202207161630</REQ_SEQ>
				<REG_DTIME>20220716141545</REG_DTIME>
				<REG_ID>S000630001</REG_ID>
				<LAST_ID>S000630001</LAST_ID>
				<LAST_DTIME>20230914153124</LAST_DTIME>
			</SHOP>
			<SHOP>
				<OPER_CD>242</OPER_CD>
				<REST_CD>S000630</REST_CD>
				<SHOP_CD>0089</SHOP_CD>
				<SHOP_NM>꼬마김밥</SHOP_NM>
				<POS_GR_CD>04</POS_GR_CD>
				<SHOP_CLASS_CD_GB></SHOP_CLASS_CD_GB>
				<SHOP_CLASS_CD>101116</SHOP_CLASS_CD>
				<SHOP_TYPE_GB>1</SHOP_TYPE_GB>
				<POS_USE_GB>1</POS_USE_GB>
				<BASE_PRT_NO>0</BASE_PRT_NO>
				<OPEN_DAY>20220721</OPEN_DAY>
				<END_DAY>99991231</END_DAY>
				<USE_GB>0</USE_GB>
				<REQ_SEQ>202207211683</REQ_SEQ>
				<REG_DTIME>20220721091322</REG_DTIME>
				<REG_ID>S000630001</REG_ID>
				<LAST_ID>S000630001</LAST_ID>
				<LAST_DTIME>20230915141116</LAST_DTIME>
			</SHOP>
			<SHOP>
				<OPER_CD>242</OPER_CD>
				<REST_CD>S000630</REST_CD>
				<SHOP_CD>0090</SHOP_CD>
				<SHOP_NM>임시매장(충주사과)</SHOP_NM>
				<POS_GR_CD>04</POS_GR_CD>
				<SHOP_CLASS_CD_GB></SHOP_CLASS_CD_GB>
				<SHOP_CLASS_CD>201311</SHOP_CLASS_CD>
				<SHOP_TYPE_GB>1</SHOP_TYPE_GB>
				<POS_USE_GB>1</POS_USE_GB>
				<BASE_PRT_NO>0</BASE_PRT_NO>
				<OPEN_DAY>20220809</OPEN_DAY>
				<END_DAY>99991231</END_DAY>
				<USE_GB>1</USE_GB>
				<REQ_SEQ>202208091881</REQ_SEQ>
				<REG_DTIME>20220809141103</REG_DTIME>
				<REG_ID>S000630001</REG_ID>
				<LAST_ID>S000630001</LAST_ID>
				<LAST_DTIME>20221117151554</LAST_DTIME>
			</SHOP>
			<SHOP>
				<OPER_CD>242</OPER_CD>
				<REST_CD>S000630</REST_CD>
				<SHOP_CD>0091</SHOP_CD>
				<SHOP_NM>파스쿠치</SHOP_NM>
				<POS_GR_CD>28</POS_GR_CD>
				<SHOP_CLASS_CD_GB></SHOP_CLASS_CD_GB>
				<SHOP_CLASS_CD>102023</SHOP_CLASS_CD>
				<SHOP_TYPE_GB>0</SHOP_TYPE_GB>
				<POS_USE_GB>1</POS_USE_GB>
				<BASE_PRT_NO>0</BASE_PRT_NO>
				<OPEN_DAY>20230207</OPEN_DAY>
				<END_DAY>99991231</END_DAY>
				<USE_GB>1</USE_GB>
				<REQ_SEQ>202302073362</REQ_SEQ>
				<REG_DTIME>20230207143621</REG_DTIME>
				<REG_ID>S000630001</REG_ID>
				<LAST_ID>S000630001</LAST_ID>
				<LAST_DTIME>20231018182619</LAST_DTIME>
			</SHOP>
			<SHOP>
				<OPER_CD>242</OPER_CD>
				<REST_CD>S000630</REST_CD>
				<SHOP_CD>0092</SHOP_CD>
				<SHOP_NM>(본관)드롭탑</SHOP_NM>
				<POS_GR_CD>28</POS_GR_CD>
				<SHOP_CLASS_CD_GB></SHOP_CLASS_CD_GB>
				<SHOP_CLASS_CD>102021</SHOP_CLASS_CD>
				<SHOP_TYPE_GB>1</SHOP_TYPE_GB>
				<POS_USE_GB>1</POS_USE_GB>
				<BASE_PRT_NO>0</BASE_PRT_NO>
				<OPEN_DAY>20230321</OPEN_DAY>
				<END_DAY>99991231</END_DAY>
				<USE_GB>1</USE_GB>
				<REQ_SEQ>202303213848</REQ_SEQ>
				<REG_DTIME>20230321101000</REG_DTIME>
				<REG_ID>S000630001</REG_ID>
				<LAST_ID>S000630001</LAST_ID>
				<LAST_DTIME>20230321101000</LAST_DTIME>
			</SHOP>
			<SHOP>
				<OPER_CD>242</OPER_CD>
				<REST_CD>S000630</REST_CD>
				<SHOP_CD>0093</SHOP_CD>
				<SHOP_NM>호두과자델리만쥬</SHOP_NM>
				<POS_GR_CD>31</POS_GR_CD>
				<SHOP_CLASS_CD_GB></SHOP_CLASS_CD_GB>
				<SHOP_CLASS_CD>102211</SHOP_CLASS_CD>
				<SHOP_TYPE_GB>1</SHOP_TYPE_GB>
				<POS_USE_GB>1</POS_USE_GB>
				<BASE_PRT_NO>0</BASE_PRT_NO>
				<OPEN_DAY>20230525</OPEN_DAY>
				<END_DAY>99991231</END_DAY>
				<USE_GB>1</USE_GB>
				<REQ_SEQ>202305256368</REQ_SEQ>
				<REG_DTIME>20230525103849</REG_DTIME>
				<REG_ID>S000630001</REG_ID>
				<LAST_ID>S000630001</LAST_ID>
				<LAST_DTIME>20230525103957</LAST_DTIME>
			</SHOP>
			<SHOP>
				<OPER_CD>242</OPER_CD>
				<REST_CD>S000630</REST_CD>
				<SHOP_CD>0094</SHOP_CD>
				<SHOP_NM>오징어나라</SHOP_NM>
				<POS_GR_CD>31</POS_GR_CD>
				<SHOP_CLASS_CD_GB></SHOP_CLASS_CD_GB>
				<SHOP_CLASS_CD>102212</SHOP_CLASS_CD>
				<SHOP_TYPE_GB>0</SHOP_TYPE_GB>
				<POS_USE_GB>1</POS_USE_GB>
				<BASE_PRT_NO>0</BASE_PRT_NO>
				<OPEN_DAY>20230525</OPEN_DAY>
				<END_DAY>99991231</END_DAY>
				<USE_GB>1</USE_GB>
				<REQ_SEQ>202305256369</REQ_SEQ>
				<REG_DTIME>20230525104049</REG_DTIME>
				<REG_ID>S000630001</REG_ID>
				<LAST_ID>S000630001</LAST_ID>
				<LAST_DTIME>20230525104320</LAST_DTIME>
			</SHOP>
			<SHOP>
				<OPER_CD>242</OPER_CD>
				<REST_CD>S000630</REST_CD>
				<SHOP_CD>0095</SHOP_CD>
				<SHOP_NM>호떡이네</SHOP_NM>
				<POS_GR_CD>31</POS_GR_CD>
				<SHOP_CLASS_CD_GB></SHOP_CLASS_CD_GB>
				<SHOP_CLASS_CD>102214</SHOP_CLASS_CD>
				<SHOP_TYPE_GB>1</SHOP_TYPE_GB>
				<POS_USE_GB>1</POS_USE_GB>
				<BASE_PRT_NO>0</BASE_PRT_NO>
				<OPEN_DAY>20230525</OPEN_DAY>
				<END_DAY>99991231</END_DAY>
				<USE_GB>1</USE_GB>
				<REQ_SEQ>202305256370</REQ_SEQ>
				<REG_DTIME>20230525104132</REG_DTIME>
				<REG_ID>S000630001</REG_ID>
				<LAST_ID>S000630001</LAST_ID>
				<LAST_DTIME>20230525104132</LAST_DTIME>
			</SHOP>
			<SHOP>
				<OPER_CD>242</OPER_CD>
				<REST_CD>S000630</REST_CD>
				<SHOP_CD>0096</SHOP_CD>
				<SHOP_NM>범산목장</SHOP_NM>
				<POS_GR_CD>31</POS_GR_CD>
				<SHOP_CLASS_CD_GB></SHOP_CLASS_CD_GB>
				<SHOP_CLASS_CD>609999</SHOP_CLASS_CD>
				<SHOP_TYPE_GB>1</SHOP_TYPE_GB>
				<POS_USE_GB>1</POS_USE_GB>
				<BASE_PRT_NO>0</BASE_PRT_NO>
				<OPEN_DAY>20230525</OPEN_DAY>
				<END_DAY>99991231</END_DAY>
				<USE_GB>1</USE_GB>
				<REQ_SEQ>202305256371</REQ_SEQ>
				<REG_DTIME>20230525104245</REG_DTIME>
				<REG_ID>S000630001</REG_ID>
				<LAST_ID>S000630001</LAST_ID>
				<LAST_DTIME>20230525104245</LAST_DTIME>
			</SHOP>
			<SHOP>
				<OPER_CD>242</OPER_CD>
				<REST_CD>S000630</REST_CD>
				<SHOP_CD>0097</SHOP_CD>
				<SHOP_NM>어떡순</SHOP_NM>
				<POS_GR_CD>31</POS_GR_CD>
				<SHOP_CLASS_CD_GB></SHOP_CLASS_CD_GB>
				<SHOP_CLASS_CD>102299</SHOP_CLASS_CD>
				<SHOP_TYPE_GB>1</SHOP_TYPE_GB>
				<POS_USE_GB>1</POS_USE_GB>
				<BASE_PRT_NO>0</BASE_PRT_NO>
				<OPEN_DAY>20230525</OPEN_DAY>
				<END_DAY>99991231</END_DAY>
				<USE_GB>1</USE_GB>
				<REQ_SEQ>202305256372</REQ_SEQ>
				<REG_DTIME>20230525104311</REG_DTIME>
				<REG_ID>S000630001</REG_ID>
				<LAST_ID>S000630001</LAST_ID>
				<LAST_DTIME>20230525104311</LAST_DTIME>
			</SHOP>
			<SHOP>
				<OPER_CD>242</OPER_CD>
				<REST_CD>S000630</REST_CD>
				<SHOP_CD>0098</SHOP_CD>
				<SHOP_NM>더피크닉</SHOP_NM>
				<POS_GR_CD>32</POS_GR_CD>
				<SHOP_CLASS_CD_GB></SHOP_CLASS_CD_GB>
				<SHOP_CLASS_CD>102299</SHOP_CLASS_CD>
				<SHOP_TYPE_GB>1</SHOP_TYPE_GB>
				<POS_USE_GB>1</POS_USE_GB>
				<BASE_PRT_NO>0</BASE_PRT_NO>
				<OPEN_DAY>20230525</OPEN_DAY>
				<END_DAY>99991231</END_DAY>
				<USE_GB>1</USE_GB>
				<REQ_SEQ>202305256373</REQ_SEQ>
				<REG_DTIME>20230525104420</REG_DTIME>
				<REG_ID>S000630001</REG_ID>
				<LAST_ID>S000630001</LAST_ID>
				<LAST_DTIME>20230525104420</LAST_DTIME>
			</SHOP>
			<SHOP>
				<OPER_CD>242</OPER_CD>
				<REST_CD>S000630</REST_CD>
				<SHOP_CD>0099</SHOP_CD>
				<SHOP_NM>K강정(청년창업)</SHOP_NM>
				<POS_GR_CD>32</POS_GR_CD>
				<SHOP_CLASS_CD_GB></SHOP_CLASS_CD_GB>
				<SHOP_CLASS_CD>701111</SHOP_CLASS_CD>
				<SHOP_TYPE_GB>1</SHOP_TYPE_GB>
				<POS_USE_GB>1</POS_USE_GB>
				<BASE_PRT_NO>0</BASE_PRT_NO>
				<OPEN_DAY>20230525</OPEN_DAY>
				<END_DAY>99991231</END_DAY>
				<USE_GB>1</USE_GB>
				<REQ_SEQ>202305256374</REQ_SEQ>
				<REG_DTIME>20230525104450</REG_DTIME>
				<REG_ID>S000630001</REG_ID>
				<LAST_ID>242S000630</LAST_ID>
				<LAST_DTIME>20230811144004</LAST_DTIME>
			</SHOP>
			<SHOP>
				<OPER_CD>242</OPER_CD>
				<REST_CD>S000630</REST_CD>
				<SHOP_CD>0100</SHOP_CD>
				<SHOP_NM>토스타(청년창업)</SHOP_NM>
				<POS_GR_CD>32</POS_GR_CD>
				<SHOP_CLASS_CD_GB></SHOP_CLASS_CD_GB>
				<SHOP_CLASS_CD>701111</SHOP_CLASS_CD>
				<SHOP_TYPE_GB>1</SHOP_TYPE_GB>
				<POS_USE_GB>1</POS_USE_GB>
				<BASE_PRT_NO>0</BASE_PRT_NO>
				<OPEN_DAY>20230525</OPEN_DAY>
				<END_DAY>99991231</END_DAY>
				<USE_GB>1</USE_GB>
				<REQ_SEQ>202305256375</REQ_SEQ>
				<REG_DTIME>20230525110553</REG_DTIME>
				<REG_ID>S000630001</REG_ID>
				<LAST_ID>242S000630</LAST_ID>
				<LAST_DTIME>20230811144009</LAST_DTIME>
			</SHOP>
			<SHOP>
				<OPER_CD>242</OPER_CD>
				<REST_CD>S000630</REST_CD>
				<SHOP_CD>0101</SHOP_CD>
				<SHOP_NM>놀부부대</SHOP_NM>
				<POS_GR_CD>33</POS_GR_CD>
				<SHOP_CLASS_CD_GB></SHOP_CLASS_CD_GB>
				<SHOP_CLASS_CD>101211</SHOP_CLASS_CD>
				<SHOP_TYPE_GB>0</SHOP_TYPE_GB>
				<POS_USE_GB>1</POS_USE_GB>
				<BASE_PRT_NO>0</BASE_PRT_NO>
				<OPEN_DAY>20230531</OPEN_DAY>
				<END_DAY>99991231</END_DAY>
				<USE_GB>1</USE_GB>
				<REQ_SEQ>202305316551</REQ_SEQ>
				<REG_DTIME>20230531182732</REG_DTIME>
				<REG_ID>242S000630</REG_ID>
				<LAST_ID>242S000630</LAST_ID>
				<LAST_DTIME>20230531182732</LAST_DTIME>
			</SHOP>
			<SHOP>
				<OPER_CD>242</OPER_CD>
				<REST_CD>S000630</REST_CD>
				<SHOP_CD>0102</SHOP_CD>
				<SHOP_NM>본관라면우동코너</SHOP_NM>
				<POS_GR_CD>33</POS_GR_CD>
				<SHOP_CLASS_CD_GB></SHOP_CLASS_CD_GB>
				<SHOP_CLASS_CD>101115</SHOP_CLASS_CD>
				<SHOP_TYPE_GB>0</SHOP_TYPE_GB>
				<POS_USE_GB>1</POS_USE_GB>
				<BASE_PRT_NO>0</BASE_PRT_NO>
				<OPEN_DAY>20230531</OPEN_DAY>
				<END_DAY>99991231</END_DAY>
				<USE_GB>1</USE_GB>
				<REQ_SEQ>202305316552</REQ_SEQ>
				<REG_DTIME>20230531182803</REG_DTIME>
				<REG_ID>242S000630</REG_ID>
				<LAST_ID>S000630001</LAST_ID>
				<LAST_DTIME>20230709124024</LAST_DTIME>
			</SHOP>
			<SHOP>
				<OPER_CD>242</OPER_CD>
				<REST_CD>S000630</REST_CD>
				<SHOP_CD>0103</SHOP_CD>
				<SHOP_NM>오창돈까스</SHOP_NM>
				<POS_GR_CD>33</POS_GR_CD>
				<SHOP_CLASS_CD_GB></SHOP_CLASS_CD_GB>
				<SHOP_CLASS_CD>101113</SHOP_CLASS_CD>
				<SHOP_TYPE_GB>0</SHOP_TYPE_GB>
				<POS_USE_GB>1</POS_USE_GB>
				<BASE_PRT_NO>0</BASE_PRT_NO>
				<OPEN_DAY>20230531</OPEN_DAY>
				<END_DAY>99991231</END_DAY>
				<USE_GB>1</USE_GB>
				<REQ_SEQ>202305316553</REQ_SEQ>
				<REG_DTIME>20230531182837</REG_DTIME>
				<REG_ID>242S000630</REG_ID>
				<LAST_ID>242S000630</LAST_ID>
				<LAST_DTIME>20230531182837</LAST_DTIME>
			</SHOP>
			<SHOP>
				<OPER_CD>242</OPER_CD>
				<REST_CD>S000630</REST_CD>
				<SHOP_CD>0104</SHOP_CD>
				<SHOP_NM>(본관)돈가스</SHOP_NM>
				<POS_GR_CD>33</POS_GR_CD>
				<SHOP_CLASS_CD_GB></SHOP_CLASS_CD_GB>
				<SHOP_CLASS_CD>101114</SHOP_CLASS_CD>
				<SHOP_TYPE_GB>0</SHOP_TYPE_GB>
				<POS_USE_GB>1</POS_USE_GB>
				<BASE_PRT_NO>0</BASE_PRT_NO>
				<OPEN_DAY>20230531</OPEN_DAY>
				<END_DAY>99991231</END_DAY>
				<USE_GB>1</USE_GB>
				<REQ_SEQ>202305316554</REQ_SEQ>
				<REG_DTIME>20230531182917</REG_DTIME>
				<REG_ID>242S000630</REG_ID>
				<LAST_ID>S000630001</LAST_ID>
				<LAST_DTIME>20230915165026</LAST_DTIME>
			</SHOP>
			<SHOP>
				<OPER_CD>242</OPER_CD>
				<REST_CD>S000630</REST_CD>
				<SHOP_CD>0105</SHOP_CD>
				<SHOP_NM>먹쉬돈나한만두 </SHOP_NM>
				<POS_GR_CD>33</POS_GR_CD>
				<SHOP_CLASS_CD_GB></SHOP_CLASS_CD_GB>
				<SHOP_CLASS_CD>101115</SHOP_CLASS_CD>
				<SHOP_TYPE_GB>1</SHOP_TYPE_GB>
				<POS_USE_GB>1</POS_USE_GB>
				<BASE_PRT_NO>0</BASE_PRT_NO>
				<OPEN_DAY>20230531</OPEN_DAY>
				<END_DAY>99991231</END_DAY>
				<USE_GB>1</USE_GB>
				<REQ_SEQ>202305316555</REQ_SEQ>
				<REG_DTIME>20230531182951</REG_DTIME>
				<REG_ID>242S000630</REG_ID>
				<LAST_ID>242S000630</LAST_ID>
				<LAST_DTIME>20230531182951</LAST_DTIME>
			</SHOP>
			<SHOP>
				<OPER_CD>242</OPER_CD>
				<REST_CD>S000630</REST_CD>
				<SHOP_CD>0106</SHOP_CD>
				<SHOP_NM>고래사어묵</SHOP_NM>
				<POS_GR_CD>04</POS_GR_CD>
				<SHOP_CLASS_CD_GB></SHOP_CLASS_CD_GB>
				<SHOP_CLASS_CD>101115</SHOP_CLASS_CD>
				<SHOP_TYPE_GB>0</SHOP_TYPE_GB>
				<POS_USE_GB>1</POS_USE_GB>
				<BASE_PRT_NO>0</BASE_PRT_NO>
				<OPEN_DAY>20230612</OPEN_DAY>
				<END_DAY>99991231</END_DAY>
				<USE_GB>1</USE_GB>
				<REQ_SEQ>202306126828</REQ_SEQ>
				<REG_DTIME>20230612102116</REG_DTIME>
				<REG_ID>242S000630</REG_ID>
				<LAST_ID>242S000630</LAST_ID>
				<LAST_DTIME>20230612102116</LAST_DTIME>
			</SHOP>
			<SHOP>
				<OPER_CD>242</OPER_CD>
				<REST_CD>S000630</REST_CD>
				<SHOP_CD>0107</SHOP_CD>
				<SHOP_NM>별관(분식)</SHOP_NM>
				<POS_GR_CD>34</POS_GR_CD>
				<SHOP_CLASS_CD_GB></SHOP_CLASS_CD_GB>
				<SHOP_CLASS_CD>101118</SHOP_CLASS_CD>
				<SHOP_TYPE_GB>1</SHOP_TYPE_GB>
				<POS_USE_GB>1</POS_USE_GB>
				<BASE_PRT_NO>0</BASE_PRT_NO>
				<OPEN_DAY>20230726</OPEN_DAY>
				<END_DAY>99991231</END_DAY>
				<USE_GB>1</USE_GB>
				<REQ_SEQ>202307268168</REQ_SEQ>
				<REG_DTIME>20230726102552</REG_DTIME>
				<REG_ID>242S000630</REG_ID>
				<LAST_ID>242S000630</LAST_ID>
				<LAST_DTIME>20230726102552</LAST_DTIME>
			</SHOP>
			<SHOP>
				<OPER_CD>242</OPER_CD>
				<REST_CD>S000630</REST_CD>
				<SHOP_CD>0108</SHOP_CD>
				<SHOP_NM>별관(한식)</SHOP_NM>
				<POS_GR_CD>34</POS_GR_CD>
				<SHOP_CLASS_CD_GB></SHOP_CLASS_CD_GB>
				<SHOP_CLASS_CD>101111</SHOP_CLASS_CD>
				<SHOP_TYPE_GB>1</SHOP_TYPE_GB>
				<POS_USE_GB>1</POS_USE_GB>
				<BASE_PRT_NO>0</BASE_PRT_NO>
				<OPEN_DAY>20230726</OPEN_DAY>
				<END_DAY>99991231</END_DAY>
				<USE_GB>1</USE_GB>
				<REQ_SEQ>202307268169</REQ_SEQ>
				<REG_DTIME>20230726102607</REG_DTIME>
				<REG_ID>242S000630</REG_ID>
				<LAST_ID>242S000630</LAST_ID>
				<LAST_DTIME>20230726102641</LAST_DTIME>
			</SHOP>
			<SHOP>
				<OPER_CD>242</OPER_CD>
				<REST_CD>S000630</REST_CD>
				<SHOP_CD>0109</SHOP_CD>
				<SHOP_NM>별관(중식)</SHOP_NM>
				<POS_GR_CD>34</POS_GR_CD>
				<SHOP_CLASS_CD_GB></SHOP_CLASS_CD_GB>
				<SHOP_CLASS_CD>101112</SHOP_CLASS_CD>
				<SHOP_TYPE_GB>1</SHOP_TYPE_GB>
				<POS_USE_GB>1</POS_USE_GB>
				<BASE_PRT_NO>0</BASE_PRT_NO>
				<OPEN_DAY>20230726</OPEN_DAY>
				<END_DAY>99991231</END_DAY>
				<USE_GB>1</USE_GB>
				<REQ_SEQ>202307268170</REQ_SEQ>
				<REG_DTIME>20230726102622</REG_DTIME>
				<REG_ID>242S000630</REG_ID>
				<LAST_ID>242S000630</LAST_ID>
				<LAST_DTIME>20230726102633</LAST_DTIME>
			</SHOP>
			<SHOP>
				<OPER_CD>242</OPER_CD>
				<REST_CD>S000630</REST_CD>
				<SHOP_CD>0110</SHOP_CD>
				<SHOP_NM>(별관)식당</SHOP_NM>
				<POS_GR_CD>34</POS_GR_CD>
				<SHOP_CLASS_CD_GB></SHOP_CLASS_CD_GB>
				<SHOP_CLASS_CD>101118</SHOP_CLASS_CD>
				<SHOP_TYPE_GB>1</SHOP_TYPE_GB>
				<POS_USE_GB>1</POS_USE_GB>
				<BASE_PRT_NO>0</BASE_PRT_NO>
				<OPEN_DAY>20230727</OPEN_DAY>
				<END_DAY>99991231</END_DAY>
				<USE_GB>1</USE_GB>
				<REQ_SEQ>202307278289</REQ_SEQ>
				<REG_DTIME>20230727192815</REG_DTIME>
				<REG_ID>S000630001</REG_ID>
				<LAST_ID>S000630001</LAST_ID>
				<LAST_DTIME>20230727192815</LAST_DTIME>
			</SHOP>
			<SHOP>
				<OPER_CD>242</OPER_CD>
				<REST_CD>S000630</REST_CD>
				<SHOP_CD>0111</SHOP_CD>
				<SHOP_NM>(별관)식당02</SHOP_NM>
				<POS_GR_CD>34</POS_GR_CD>
				<SHOP_CLASS_CD_GB></SHOP_CLASS_CD_GB>
				<SHOP_CLASS_CD>101199</SHOP_CLASS_CD>
				<SHOP_TYPE_GB>1</SHOP_TYPE_GB>
				<POS_USE_GB>1</POS_USE_GB>
				<BASE_PRT_NO>0</BASE_PRT_NO>
				<OPEN_DAY>20230801</OPEN_DAY>
				<END_DAY>99991231</END_DAY>
				<USE_GB>1</USE_GB>
				<REQ_SEQ>202308018448</REQ_SEQ>
				<REG_DTIME>20230801115222</REG_DTIME>
				<REG_ID>S000630001</REG_ID>
				<LAST_ID>S000630001</LAST_ID>
				<LAST_DTIME>20230801115222</LAST_DTIME>
			</SHOP>
			<SHOP>
				<OPER_CD>242</OPER_CD>
				<REST_CD>S000630</REST_CD>
				<SHOP_CD>0112</SHOP_CD>
				<SHOP_NM>(특별관)금강설렁탕</SHOP_NM>
				<POS_GR_CD>04</POS_GR_CD>
				<SHOP_CLASS_CD_GB></SHOP_CLASS_CD_GB>
				<SHOP_CLASS_CD>101111</SHOP_CLASS_CD>
				<SHOP_TYPE_GB>1</SHOP_TYPE_GB>
				<POS_USE_GB>1</POS_USE_GB>
				<BASE_PRT_NO>0</BASE_PRT_NO>
				<OPEN_DAY>20231026</OPEN_DAY>
				<END_DAY>99991231</END_DAY>
				<USE_GB>1</USE_GB>
				<REQ_SEQ>202310260361</REQ_SEQ>
				<REG_DTIME>20231026111244</REG_DTIME>
				<REG_ID>S000630001</REG_ID>
				<LAST_ID>S000630001</LAST_ID>
				<LAST_DTIME>20231026111244</LAST_DTIME>
			</SHOP>
			<SHOP>
				<OPER_CD>242</OPER_CD>
				<REST_CD>S000630</REST_CD>
				<SHOP_CD>0113</SHOP_CD>
				<SHOP_NM>담배자판기</SHOP_NM>
				<POS_GR_CD>29</POS_GR_CD>
				<SHOP_CLASS_CD_GB></SHOP_CLASS_CD_GB>
				<SHOP_CLASS_CD>609917</SHOP_CLASS_CD>
				<SHOP_TYPE_GB>1</SHOP_TYPE_GB>
				<POS_USE_GB>1</POS_USE_GB>
				<BASE_PRT_NO>0</BASE_PRT_NO>
				<OPEN_DAY>20240216</OPEN_DAY>
				<END_DAY>99991231</END_DAY>
				<USE_GB>1</USE_GB>
				<REQ_SEQ>202402163602</REQ_SEQ>
				<REG_DTIME>20240216123147</REG_DTIME>
				<REG_ID>S000630001</REG_ID>
				<LAST_ID>S000630001</LAST_ID>
				<LAST_DTIME>20240216123147</LAST_DTIME>
			</SHOP>
			<SHOP>
				<OPER_CD>242</OPER_CD>
				<REST_CD>S000630</REST_CD>
				<SHOP_CD>0114</SHOP_CD>
				<SHOP_NM>청년창업(돈가스)</SHOP_NM>
				<POS_GR_CD>33</POS_GR_CD>
				<SHOP_CLASS_CD_GB></SHOP_CLASS_CD_GB>
				<SHOP_CLASS_CD>701111</SHOP_CLASS_CD>
				<SHOP_TYPE_GB>1</SHOP_TYPE_GB>
				<POS_USE_GB>1</POS_USE_GB>
				<BASE_PRT_NO>0</BASE_PRT_NO>
				<OPEN_DAY>20240310</OPEN_DAY>
				<END_DAY>99991231</END_DAY>
				<USE_GB>1</USE_GB>
				<REQ_SEQ>202403104281</REQ_SEQ>
				<REG_DTIME>20240310105016</REG_DTIME>
				<REG_ID>S000630001</REG_ID>
				<LAST_ID>S000630001</LAST_ID>
				<LAST_DTIME>20240805140313</LAST_DTIME>
			</SHOP>
			<SHOP>
				<OPER_CD>242</OPER_CD>
				<REST_CD>S000630</REST_CD>
				<SHOP_CD>0115</SHOP_CD>
				<SHOP_NM>전자담배</SHOP_NM>
				<POS_GR_CD>01</POS_GR_CD>
				<SHOP_CLASS_CD_GB></SHOP_CLASS_CD_GB>
				<SHOP_CLASS_CD>201199</SHOP_CLASS_CD>
				<SHOP_TYPE_GB>0</SHOP_TYPE_GB>
				<POS_USE_GB>0</POS_USE_GB>
				<BASE_PRT_NO>0</BASE_PRT_NO>
				<OPEN_DAY>20240829</OPEN_DAY>
				<END_DAY>99991231</END_DAY>
				<USE_GB>1</USE_GB>
				<REQ_SEQ>202408299026</REQ_SEQ>
				<REG_DTIME>20240829201048</REG_DTIME>
				<REG_ID>S000630001</REG_ID>
				<LAST_ID>S000630001</LAST_ID>
				<LAST_DTIME>20240829201048</LAST_DTIME>
			</SHOP>
			<SHOP>
				<OPER_CD>242</OPER_CD>
				<REST_CD>S000630</REST_CD>
				<SHOP_CD>0116</SHOP_CD>
				<SHOP_NM>피크닉(청년창업)</SHOP_NM>
				<POS_GR_CD>32</POS_GR_CD>
				<SHOP_CLASS_CD_GB></SHOP_CLASS_CD_GB>
				<SHOP_CLASS_CD>701111</SHOP_CLASS_CD>
				<SHOP_TYPE_GB>1</SHOP_TYPE_GB>
				<POS_USE_GB>1</POS_USE_GB>
				<BASE_PRT_NO>0</BASE_PRT_NO>
				<OPEN_DAY>20240830</OPEN_DAY>
				<END_DAY>99991231</END_DAY>
				<USE_GB>1</USE_GB>
				<REQ_SEQ>202408309041</REQ_SEQ>
				<REG_DTIME>20240830120022</REG_DTIME>
				<REG_ID>S000630001</REG_ID>
				<LAST_ID>S000630001</LAST_ID>
				<LAST_DTIME>20240830120353</LAST_DTIME>
			</SHOP>
			<SHOP>
				<OPER_CD>242</OPER_CD>
				<REST_CD>S000630</REST_CD>
				<SHOP_CD>0117</SHOP_CD>
				<SHOP_NM>금강설렁탕(임시)</SHOP_NM>
				<POS_GR_CD>27</POS_GR_CD>
				<SHOP_CLASS_CD_GB></SHOP_CLASS_CD_GB>
				<SHOP_CLASS_CD>101111</SHOP_CLASS_CD>
				<SHOP_TYPE_GB>0</SHOP_TYPE_GB>
				<POS_USE_GB>1</POS_USE_GB>
				<BASE_PRT_NO>0</BASE_PRT_NO>
				<OPEN_DAY>20241129</OPEN_DAY>
				<END_DAY>99991231</END_DAY>
				<USE_GB>1</USE_GB>
				<REQ_SEQ>202411291271</REQ_SEQ>
				<REG_DTIME>20241129133333</REG_DTIME>
				<REG_ID>S000630001</REG_ID>
				<LAST_ID>S000630001</LAST_ID>
				<LAST_DTIME>20241129133333</LAST_DTIME>
			</SHOP>
			<SHOP>
				<OPER_CD>242</OPER_CD>
				<REST_CD>S000630</REST_CD>
				<SHOP_CD>0118</SHOP_CD>
				<SHOP_NM>안마의자</SHOP_NM>
				<POS_GR_CD>15</POS_GR_CD>
				<SHOP_CLASS_CD_GB></SHOP_CLASS_CD_GB>
				<SHOP_CLASS_CD>601215</SHOP_CLASS_CD>
				<SHOP_TYPE_GB>1</SHOP_TYPE_GB>
				<POS_USE_GB>0</POS_USE_GB>
				<BASE_PRT_NO>0</BASE_PRT_NO>
				<OPEN_DAY>20250312</OPEN_DAY>
				<END_DAY>99991231</END_DAY>
				<USE_GB>1</USE_GB>
				<REQ_SEQ>202503123547</REQ_SEQ>
				<REG_DTIME>20250312123910</REG_DTIME>
				<REG_ID>james7094</REG_ID>
				<LAST_ID>james7094</LAST_ID>
				<LAST_DTIME>20250312123910</LAST_DTIME>
			</SHOP>
			<SHOP>
				<OPER_CD>242</OPER_CD>
				<REST_CD>S000630</REST_CD>
				<SHOP_CD>0119</SHOP_CD>
				<SHOP_NM>안마의자</SHOP_NM>
				<POS_GR_CD>02</POS_GR_CD>
				<SHOP_CLASS_CD_GB></SHOP_CLASS_CD_GB>
				<SHOP_CLASS_CD>601215</SHOP_CLASS_CD>
				<SHOP_TYPE_GB>0</SHOP_TYPE_GB>
				<POS_USE_GB>1</POS_USE_GB>
				<BASE_PRT_NO>0</BASE_PRT_NO>
				<OPEN_DAY>20250327</OPEN_DAY>
				<END_DAY>99991231</END_DAY>
				<USE_GB>1</USE_GB>
				<REQ_SEQ>202503273881</REQ_SEQ>
				<REG_DTIME>20250327095237</REG_DTIME>
				<REG_ID>james7094</REG_ID>
				<LAST_ID>james7094</LAST_ID>
				<LAST_DTIME>20250327095237</LAST_DTIME>
			</SHOP>
			<SHOP>
				<OPER_CD>242</OPER_CD>
				<REST_CD>S000630</REST_CD>
				<SHOP_CD>0120</SHOP_CD>
				<SHOP_NM>솜사탕</SHOP_NM>
				<POS_GR_CD>02</POS_GR_CD>
				<SHOP_CLASS_CD_GB></SHOP_CLASS_CD_GB>
				<SHOP_CLASS_CD>601215</SHOP_CLASS_CD>
				<SHOP_TYPE_GB>0</SHOP_TYPE_GB>
				<POS_USE_GB>1</POS_USE_GB>
				<BASE_PRT_NO>0</BASE_PRT_NO>
				<OPEN_DAY>20250407</OPEN_DAY>
				<END_DAY>99991231</END_DAY>
				<USE_GB>1</USE_GB>
				<REQ_SEQ>202504074201</REQ_SEQ>
				<REG_DTIME>20250407160003</REG_DTIME>
				<REG_ID>james7094</REG_ID>
				<LAST_ID>james7094</LAST_ID>
				<LAST_DTIME>20250407160546</LAST_DTIME>
			</SHOP>
			<SHOP>
				<OPER_CD>242</OPER_CD>
				<REST_CD>S000630</REST_CD>
				<SHOP_CD>0121</SHOP_CD>
				<SHOP_NM>(청년)호두과자</SHOP_NM>
				<POS_GR_CD>35</POS_GR_CD>
				<SHOP_CLASS_CD_GB></SHOP_CLASS_CD_GB>
				<SHOP_CLASS_CD>701111</SHOP_CLASS_CD>
				<SHOP_TYPE_GB>1</SHOP_TYPE_GB>
				<POS_USE_GB>1</POS_USE_GB>
				<BASE_PRT_NO>0</BASE_PRT_NO>
				<OPEN_DAY>20250422</OPEN_DAY>
				<END_DAY>99991231</END_DAY>
				<USE_GB>1</USE_GB>
				<REQ_SEQ>202504224401</REQ_SEQ>
				<REG_DTIME>20250422110725</REG_DTIME>
				<REG_ID>james7094</REG_ID>
				<LAST_ID>james7094</LAST_ID>
				<LAST_DTIME>20250608110543</LAST_DTIME>
			</SHOP>
			<SHOP>
				<OPER_CD>242</OPER_CD>
				<REST_CD>S000630</REST_CD>
				<SHOP_CD>0122</SHOP_CD>
				<SHOP_NM>(청년)오징어나라</SHOP_NM>
				<POS_GR_CD>35</POS_GR_CD>
				<SHOP_CLASS_CD_GB></SHOP_CLASS_CD_GB>
				<SHOP_CLASS_CD>701111</SHOP_CLASS_CD>
				<SHOP_TYPE_GB>1</SHOP_TYPE_GB>
				<POS_USE_GB>1</POS_USE_GB>
				<BASE_PRT_NO>0</BASE_PRT_NO>
				<OPEN_DAY>20250422</OPEN_DAY>
				<END_DAY>99991231</END_DAY>
				<USE_GB>1</USE_GB>
				<REQ_SEQ>202504224402</REQ_SEQ>
				<REG_DTIME>20250422110847</REG_DTIME>
				<REG_ID>james7094</REG_ID>
				<LAST_ID>james7094</LAST_ID>
				<LAST_DTIME>20250608110534</LAST_DTIME>
			</SHOP>
			<SHOP>
				<OPER_CD>242</OPER_CD>
				<REST_CD>S000630</REST_CD>
				<SHOP_CD>0123</SHOP_CD>
				<SHOP_NM>육거리소문난만두</SHOP_NM>
				<POS_GR_CD>33</POS_GR_CD>
				<SHOP_CLASS_CD_GB></SHOP_CLASS_CD_GB>
				<SHOP_CLASS_CD>101115</SHOP_CLASS_CD>
				<SHOP_TYPE_GB>0</SHOP_TYPE_GB>
				<POS_USE_GB>1</POS_USE_GB>
				<BASE_PRT_NO>0</BASE_PRT_NO>
				<OPEN_DAY>20250608</OPEN_DAY>
				<END_DAY>99991231</END_DAY>
				<USE_GB>1</USE_GB>
				<REQ_SEQ>202506085243</REQ_SEQ>
				<REG_DTIME>20250608183149</REG_DTIME>
				<REG_ID>james7094</REG_ID>
				<LAST_ID>james7094</LAST_ID>
				<LAST_DTIME>20250610155117</LAST_DTIME>
			</SHOP>
			<SHOP>
				<OPER_CD>242</OPER_CD>
				<REST_CD>S000630</REST_CD>
				<SHOP_CD>0124</SHOP_CD>
				<SHOP_NM>본관식당2</SHOP_NM>
				<POS_GR_CD>36</POS_GR_CD>
				<SHOP_CLASS_CD_GB></SHOP_CLASS_CD_GB>
				<SHOP_CLASS_CD>101111</SHOP_CLASS_CD>
				<SHOP_TYPE_GB>0</SHOP_TYPE_GB>
				<POS_USE_GB>1</POS_USE_GB>
				<BASE_PRT_NO>0</BASE_PRT_NO>
				<OPEN_DAY>20250720</OPEN_DAY>
				<END_DAY>99991231</END_DAY>
				<USE_GB>1</USE_GB>
				<REQ_SEQ>202507206061</REQ_SEQ>
				<REG_DTIME>20250720131003</REG_DTIME>
				<REG_ID>james7094</REG_ID>
				<LAST_ID>james7094</LAST_ID>
				<LAST_DTIME>20250720131003</LAST_DTIME>
			</SHOP>
			<SHOP>
				<OPER_CD>242</OPER_CD>
				<REST_CD>S000630</REST_CD>
				<SHOP_CD>0125</SHOP_CD>
				<SHOP_NM>본관키오스크2</SHOP_NM>
				<POS_GR_CD>33</POS_GR_CD>
				<SHOP_CLASS_CD_GB></SHOP_CLASS_CD_GB>
				<SHOP_CLASS_CD>101111</SHOP_CLASS_CD>
				<SHOP_TYPE_GB>0</SHOP_TYPE_GB>
				<POS_USE_GB>1</POS_USE_GB>
				<BASE_PRT_NO>0</BASE_PRT_NO>
				<OPEN_DAY>20250731</OPEN_DAY>
				<END_DAY>99991231</END_DAY>
				<USE_GB>1</USE_GB>
				<REQ_SEQ>202507316481</REQ_SEQ>
				<REG_DTIME>20250731081842</REG_DTIME>
				<REG_ID>james7094</REG_ID>
				<LAST_ID>james7094</LAST_ID>
				<LAST_DTIME>20250731081842</LAST_DTIME>
			</SHOP>
			<SHOP>
				<OPER_CD>242</OPER_CD>
				<REST_CD>S000630</REST_CD>
				<SHOP_CD>0126</SHOP_CD>
				<SHOP_NM>모찌대왕</SHOP_NM>
				<POS_GR_CD>04</POS_GR_CD>
				<SHOP_CLASS_CD_GB></SHOP_CLASS_CD_GB>
				<SHOP_CLASS_CD>101999</SHOP_CLASS_CD>
				<SHOP_TYPE_GB>0</SHOP_TYPE_GB>
				<POS_USE_GB>1</POS_USE_GB>
				<BASE_PRT_NO>0</BASE_PRT_NO>
				<OPEN_DAY>20251105</OPEN_DAY>
				<END_DAY>99991231</END_DAY>
				<USE_GB>1</USE_GB>
				<REQ_SEQ>202511057324</REQ_SEQ>
				<REG_DTIME>20251105154719</REG_DTIME>
				<REG_ID>james7094</REG_ID>
				<LAST_ID>james7094</LAST_ID>
				<LAST_DTIME>20251118182241</LAST_DTIME>
			</SHOP>
			<SHOP>
				<OPER_CD>242</OPER_CD>
				<REST_CD>S000630</REST_CD>
				<SHOP_CD>0127</SHOP_CD>
				<SHOP_NM>의류(오창)</SHOP_NM>
				<POS_GR_CD>06</POS_GR_CD>
				<SHOP_CLASS_CD_GB></SHOP_CLASS_CD_GB>
				<SHOP_CLASS_CD>301199</SHOP_CLASS_CD>
				<SHOP_TYPE_GB>0</SHOP_TYPE_GB>
				<POS_USE_GB>1</POS_USE_GB>
				<BASE_PRT_NO>0</BASE_PRT_NO>
				<OPEN_DAY>20251230</OPEN_DAY>
				<END_DAY>99991231</END_DAY>
				<USE_GB>1</USE_GB>
				<REQ_SEQ>202512307744</REQ_SEQ>
				<REG_DTIME>20251230113636</REG_DTIME>
				<REG_ID>james7094</REG_ID>
				<LAST_ID>james7094</LAST_ID>
				<LAST_DTIME>20260104183218</LAST_DTIME>
			</SHOP>
			<SHOP>
				<OPER_CD>242</OPER_CD>
				<REST_CD>S000630</REST_CD>
				<SHOP_CD>0128</SHOP_CD>
				<SHOP_NM>본관베리어프리</SHOP_NM>
				<POS_GR_CD>33</POS_GR_CD>
				<SHOP_CLASS_CD_GB></SHOP_CLASS_CD_GB>
				<SHOP_CLASS_CD>101111</SHOP_CLASS_CD>
				<SHOP_TYPE_GB>0</SHOP_TYPE_GB>
				<POS_USE_GB>1</POS_USE_GB>
				<BASE_PRT_NO>0</BASE_PRT_NO>
				<OPEN_DAY>20260128</OPEN_DAY>
				<END_DAY>99991231</END_DAY>
				<USE_GB>1</USE_GB>
				<REQ_SEQ>202601288031</REQ_SEQ>
				<REG_DTIME>20260128082309</REG_DTIME>
				<REG_ID>james7094</REG_ID>
				<LAST_ID>james7094</LAST_ID>
				<LAST_DTIME>20260128082309</LAST_DTIME>
			</SHOP>
			<SHOP>
				<OPER_CD>242</OPER_CD>
				<REST_CD>S000630</REST_CD>
				<SHOP_CD>0129</SHOP_CD>
				<SHOP_NM>별관키오스크2</SHOP_NM>
				<POS_GR_CD>38</POS_GR_CD>
				<SHOP_CLASS_CD_GB></SHOP_CLASS_CD_GB>
				<SHOP_CLASS_CD>101111</SHOP_CLASS_CD>
				<SHOP_TYPE_GB>0</SHOP_TYPE_GB>
				<POS_USE_GB>1</POS_USE_GB>
				<BASE_PRT_NO>0</BASE_PRT_NO>
				<OPEN_DAY>20260128</OPEN_DAY>
				<END_DAY>99991231</END_DAY>
				<USE_GB>1</USE_GB>
				<REQ_SEQ>202601288034</REQ_SEQ>
				<REG_DTIME>20260128182812</REG_DTIME>
				<REG_ID>james7094</REG_ID>
				<LAST_ID>james7094</LAST_ID>
				<LAST_DTIME>20260128182812</LAST_DTIME>
			</SHOP>
			<SHOP>
				<OPER_CD>242</OPER_CD>
				<REST_CD>S000630</REST_CD>
				<SHOP_CD>0130</SHOP_CD>
				<SHOP_NM>별관키오스크2</SHOP_NM>
				<POS_GR_CD>34</POS_GR_CD>
				<SHOP_CLASS_CD_GB></SHOP_CLASS_CD_GB>
				<SHOP_CLASS_CD>101111</SHOP_CLASS_CD>
				<SHOP_TYPE_GB>0</SHOP_TYPE_GB>
				<POS_USE_GB>1</POS_USE_GB>
				<BASE_PRT_NO>0</BASE_PRT_NO>
				<OPEN_DAY>20260128</OPEN_DAY>
				<END_DAY>99991231</END_DAY>
				<USE_GB>1</USE_GB>
				<REQ_SEQ>202601288035</REQ_SEQ>
				<REG_DTIME>20260128182925</REG_DTIME>
				<REG_ID>james7094</REG_ID>
				<LAST_ID>james7094</LAST_ID>
				<LAST_DTIME>20260128182925</LAST_DTIME>
			</SHOP>
			<SHOP>
				<OPER_CD>242</OPER_CD>
				<REST_CD>S000630</REST_CD>
				<SHOP_CD>0131</SHOP_CD>
				<SHOP_NM>한국오토엠</SHOP_NM>
				<POS_GR_CD>02</POS_GR_CD>
				<SHOP_CLASS_CD_GB></SHOP_CLASS_CD_GB>
				<SHOP_CLASS_CD>601213</SHOP_CLASS_CD>
				<SHOP_TYPE_GB>0</SHOP_TYPE_GB>
				<POS_USE_GB>1</POS_USE_GB>
				<BASE_PRT_NO>0</BASE_PRT_NO>
				<OPEN_DAY>20260211</OPEN_DAY>
				<END_DAY>99991231</END_DAY>
				<USE_GB>1</USE_GB>
				<REQ_SEQ>202602118200</REQ_SEQ>
				<REG_DTIME>20260211180641</REG_DTIME>
				<REG_ID>james7094</REG_ID>
				<LAST_ID>james7094</LAST_ID>
				<LAST_DTIME>20260211180708</LAST_DTIME>
			</SHOP>
		</RETURNDATA>
	</RETURNDATAS>
</ETRANRESPONSE>
