<?xml version="1.0" encoding="utf-8"?>
<ETRANREQUEST xmlns:xsi="http://www.w3.org/2001/XMLSchema-instance" xsi:noNamespaceSchemaLocation="file:///C:/Users/rOOt/Desktop/ETRANREQ.xsd"><ETRANAUTH><POS><OPER_CD>242</OPER_CD><REST_CD>S000630</REST_CD><SHOP_CD>0003</SHOP_CD><POS_NO>0088</POS_NO><HDD_SN>D129AB80</HDD_SN><MAC_ADDR>40C6AE3A86E4</MAC_ADDR><POS_APPVER>not exist</POS_APPVER><MOD_APPVER>1, 0, 0, 5</MOD_APPVER><POS_MD5CHKSUM>File Not Exist</POS_MD5CHKSUM></POS></ETRANAUTH><ETRANS TRANSACTION="true"><ETRAN METHOD="RECV_SHOP"><SHOP><OPER_CD>242</OPER_CD><REST_CD>S000630</REST_CD><LAST_DTIME></LAST_DTIME></SHOP></ETRAN></ETRANS></ETRANREQUEST>
